"","baffle_prop","density","bush_density","df.prop_males","tactic","mean_success","sd","ci"
"1",0.01,0.01,0,0.5,"baffler",0.115,0.234143614739399,0.0458921484889223
"2",0.01,0.05,0,0.5,"baffler",0.4,0.443812682299297,0.0869872857306623
"3",0.01,0.1,0,0.5,"baffler",0.42,0.496044963748858,0.0972248128947762
"4",0.01,0.25,0,0.5,"baffler",0.655,0.593291622640122,0.116285158037464
"5",0.01,0.5,0,0.5,"baffler",1.035,0.964666164059261,0.189074568155615
"6",0.01,0.75,0,0.5,"baffler",1.24,1.13146012753522,0.221766184996903
"7",0.01,1,0,0.5,"baffler",1.255,1.06953921920336,0.209629686963859
"8",0.05,0.01,0,0.5,"baffler",0.105833333333333,0.0968463151297392,0.0189818777654289
"9",0.05,0.05,0,0.5,"baffler",0.3275,0.214922727742117,0.0421248546374549
"10",0.05,0.1,0,0.5,"baffler",0.491666666666667,0.309886659704924,0.060737785302165
"11",0.05,0.25,0,0.5,"baffler",0.733333333333334,0.471553299245357,0.0924244466520899
"12",0.05,0.5,0,0.5,"baffler",0.9375,0.591438994466111,0.115922042915358
"13",0.05,0.75,0,0.5,"baffler",1.065,0.666306721011162,0.130596117318188
"14",0.05,1,0,0.5,"baffler",1.19333333333333,0.720946814795869,0.14130557569999
"15",0.09,0.01,0,0.5,"baffler",0.110909090909091,0.0731849693325414,0.0143442539891781
"16",0.09,0.05,0,0.5,"baffler",0.330909090909091,0.170941911156194,0.033504614586614
"17",0.09,0.1,0,0.5,"baffler",0.486363636363636,0.244780218506114,0.0479769228271983
"18",0.09,0.25,0,0.5,"baffler",0.646818181818182,0.392764458923758,0.0769818339490565
"19",0.09,0.5,0,0.5,"baffler",0.814545454545455,0.468637390124451,0.0918529284643923
"20",0.09,0.75,0,0.5,"baffler",0.995909090909091,0.594029867455614,0.1164298540213
"21",0.09,1,0,0.5,"baffler",1.05727272727273,0.634281652574433,0.124319203904589
"22",0.13,0.01,0,0.5,"baffler",0.0921875,0.0548282370179358,0.0107463344555154
"23",0.13,0.05,0,0.5,"baffler",0.2940625,0.146447233296336,0.0287036577260819
"24",0.13,0.1,0,0.5,"baffler",0.4121875,0.189524789079173,0.0371468586595179
"25",0.13,0.25,0,0.5,"baffler",0.59625,0.309858787892716,0.0607323224269724
"26",0.13,0.5,0,0.5,"baffler",0.7384375,0.480536887208916,0.0941852298929475
"27",0.13,0.75,0,0.5,"baffler",0.900625,0.609844338165838,0.119529490280504
"28",0.13,1,0,0.5,"baffler",1.04875,0.687977910109024,0.134843670381369
"29",0.17,0.01,0,0.5,"baffler",0.0969047619047619,0.0453089240715077,0.0088805491180155
"30",0.17,0.05,0,0.5,"baffler",0.270952380952381,0.133952899826584,0.0262547683660104
"31",0.17,0.1,0,0.5,"baffler",0.377857142857143,0.201481463166074,0.0394903667805504
"32",0.17,0.25,0,0.5,"baffler",0.537619047619048,0.354756820324412,0.0695323367835848
"33",0.17,0.5,0,0.5,"baffler",0.707380952380953,0.48629603044023,0.0953140219662851
"34",0.17,0.75,0,0.5,"baffler",0.815476190476191,0.555507882926759,0.108879545053645
"35",0.17,1,0,0.5,"baffler",0.947619047619048,0.632770529699105,0.124023023821025
"36",0.21,0.01,0,0.5,"baffler",0.090943396226415,0.046401596473011,0.00909471290871015
"37",0.21,0.05,0,0.5,"baffler",0.270566037735849,0.119488429181419,0.0234197321195581
"38",0.21,0.1,0,0.5,"baffler",0.362452830188679,0.203148194337628,0.039817046090175
"39",0.21,0.25,0,0.5,"baffler",0.499622641509434,0.328486505269302,0.0643833550327832
"40",0.21,0.5,0,0.5,"baffler",0.65622641509434,0.447731764670057,0.0877554258753311
"41",0.21,0.75,0,0.5,"baffler",0.789811320754717,0.559424039216876,0.109647111686508
"42",0.21,1,0,0.5,"baffler",0.866792452830189,0.64367966629913,0.126161214594629
"43",0.25,0.01,0,0.5,"baffler",0.0912903225806452,0.046657476199949,0.00914486533519
"44",0.25,0.05,0,0.5,"baffler",0.249354838709677,0.138280877296419,0.0271030519500982
"45",0.25,0.1,0,0.5,"baffler",0.344032258064516,0.185677573216919,0.036392804350516
"46",0.25,0.25,0,0.5,"baffler",0.479516129032258,0.325757047765913,0.0638483813621189
"47",0.25,0.5,0,0.5,"baffler",0.616935483870968,0.442189630647379,0.0866691676068863
"48",0.25,0.75,0,0.5,"baffler",0.720161290322581,0.551480431845692,0.108090164641756
"49",0.25,1,0,0.5,"baffler",0.806774193548387,0.610987986973718,0.119753645446849
"50",0.29,0.01,0,0.5,"baffler",0.0863013698630137,0.0373252918433607,0.00731575720129869
"51",0.29,0.05,0,0.5,"baffler",0.238493150684931,0.125491049825265,0.024596245765752
"52",0.29,0.1,0,0.5,"baffler",0.320821917808219,0.191980168785528,0.0376281130819636
"53",0.29,0.25,0,0.5,"baffler",0.453150684931507,0.295787640573434,0.0579743775523932
"54",0.29,0.5,0,0.5,"baffler",0.586164383561644,0.43042894046324,0.084364072330795
"55",0.29,0.75,0,0.5,"baffler",0.668767123287671,0.50530574723252,0.0990399264575738
"56",0.29,1,0,0.5,"baffler",0.761095890410959,0.619737554453214,0.12146856067283
"57",0.33,0.01,0,0.5,"baffler",0.090609756097561,0.036079070459163,0.00707149780999594
"58",0.33,0.05,0,0.5,"baffler",0.230487804878049,0.11943071569758,0.0234084202767256
"59",0.33,0.1,0,0.5,"baffler",0.30390243902439,0.17981403440008,0.0352435507424158
"60",0.33,0.25,0,0.5,"baffler",0.433780487804878,0.290059975344575,0.0568517551675366
"61",0.33,0.5,0,0.5,"baffler",0.565487804878049,0.418243837816048,0.0819757922119453
"62",0.33,0.75,0,0.5,"baffler",0.682317073170732,0.521214753168899,0.102158091621104
"63",0.33,1,0,0.5,"baffler",0.718536585365854,0.540039276939249,0.105847698280093
"64",0.37,0.01,0,0.5,"baffler",0.0854347826086956,0.0376855931312713,0.00738637625372917
"65",0.37,0.05,0,0.5,"baffler",0.209565217391304,0.109495083896452,0.0214610364437045
"66",0.37,0.1,0,0.5,"baffler",0.290652173913043,0.186288523809775,0.0365125506667159
"67",0.37,0.25,0,0.5,"baffler",0.419673913043478,0.295542420501331,0.0579263144182608
"68",0.37,0.5,0,0.5,"baffler",0.530108695652174,0.414381529504422,0.0812187797828668
"69",0.37,0.75,0,0.5,"baffler",0.638260869565217,0.480061786740841,0.0940921102012048
"70",0.37,1,0,0.5,"baffler",0.680760869565217,0.538729040707406,0.105590891978652
"71",0.41,0.01,0,0.5,"baffler",0.088252427184466,0.0344182299033803,0.00674597306106254
"72",0.41,0.05,0,0.5,"baffler",0.199320388349514,0.107798438161441,0.0211284938796425
"73",0.41,0.1,0,0.5,"baffler",0.265825242718447,0.171916257124705,0.0336955863964422
"74",0.41,0.25,0,0.5,"baffler",0.399126213592233,0.294150287797602,0.05765345640833
"75",0.41,0.5,0,0.5,"baffler",0.486407766990291,0.371438454481632,0.0728019370784
"76",0.41,0.75,0,0.5,"baffler",0.582718446601942,0.472983297257646,0.0927047262624985
"77",0.41,1,0,0.5,"baffler",0.659902912621359,0.520472386689846,0.10201258779121
"78",0.45,0.01,0,0.5,"baffler",0.0829464285714286,0.0365454994308997,0.00716291788845633
"79",0.45,0.05,0,0.5,"baffler",0.198839285714286,0.112801902281925,0.0221091728472573
"80",0.45,0.1,0,0.5,"baffler",0.268928571428571,0.171074030623657,0.0335305100022368
"81",0.45,0.25,0,0.5,"baffler",0.366785714285714,0.275652208168316,0.0540278328009899
"82",0.45,0.5,0,0.5,"baffler",0.49125,0.383910701285512,0.0752464974519604
"83",0.45,0.75,0,0.5,"baffler",0.571875,0.470418507160921,0.0922020274035405
"84",0.45,1,0,0.5,"baffler",0.630357142857143,0.509991516738189,0.099958337280685
"85",0.49,0.01,0,0.5,"baffler",0.0798360655737705,0.0338986054143062,0.00664412666120401
"86",0.49,0.05,0,0.5,"baffler",0.192213114754098,0.106173758878543,0.0208100567401944
"87",0.49,0.1,0,0.5,"baffler",0.256803278688525,0.162646267838673,0.0318786684963799
"88",0.49,0.25,0,0.5,"baffler",0.360655737704918,0.269691520625092,0.052859538042518
"89",0.49,0.5,0,0.5,"baffler",0.462540983606557,0.355800720955721,0.0697369413073212
"90",0.49,0.75,0,0.5,"baffler",0.53827868852459,0.449135868593352,0.088030630244297
"91",0.49,1,0,0.5,"baffler",0.604508196721311,0.478428521110819,0.0937719901377206
"92",0.53,0.01,0,0.5,"baffler",0.0833333333333333,0.0292913460197182,0.00574110381986477
"93",0.53,0.05,0,0.5,"baffler",0.191212121212121,0.112418842383493,0.0220340931071646
"94",0.53,0.1,0,0.5,"baffler",0.248484848484849,0.162149744749388,0.0317813499708801
"95",0.53,0.25,0,0.5,"baffler",0.3575,0.266764943403164,0.0522859289070202
"96",0.53,0.5,0,0.5,"baffler",0.458333333333333,0.371736478667762,0.0728603498188813
"97",0.53,0.75,0,0.5,"baffler",0.525757575757576,0.43757473585735,0.0857646482280407
"98",0.53,1,0,0.5,"baffler",0.5825,0.493129389633939,0.096653360368252
"99",0.57,0.01,0,0.5,"baffler",0.0776923076923077,0.0306981107982646,0.00601682971645985
"100",0.57,0.05,0,0.5,"baffler",0.186503496503497,0.104539223470286,0.020489687800176
"101",0.57,0.1,0,0.5,"baffler",0.240419580419581,0.1545278263937,0.0302874539731653
"102",0.57,0.25,0,0.5,"baffler",0.330629370629371,0.265328875150692,0.0520044595295357
"103",0.57,0.5,0,0.5,"baffler",0.435104895104895,0.349352956807577,0.0684731795342851
"104",0.57,0.75,0,0.5,"baffler",0.503846153846154,0.421911275565193,0.0826946100107778
"105",0.57,1,0,0.5,"baffler",0.552447552447553,0.487923643158713,0.0956330340591077
"106",0.61,0.01,0,0.5,"baffler",0.0794736842105263,0.0307825321491658,0.00603337630123649
"107",0.61,0.05,0,0.5,"baffler",0.179013157894737,0.105984598278853,0.0207729812626553
"108",0.61,0.1,0,0.5,"baffler",0.238618421052632,0.150752351706668,0.0295474609345068
"109",0.61,0.25,0,0.5,"baffler",0.318355263157895,0.246931090489417,0.0483984937359256
"110",0.61,0.5,0,0.5,"baffler",0.416184210526316,0.340621680893025,0.0667618494550329
"111",0.61,0.75,0,0.5,"baffler",0.492960526315789,0.413183475565685,0.0809839612108743
"112",0.61,1,0,0.5,"baffler",0.550131578947368,0.468608150515629,0.0918471975010634
"113",0.65,0.01,0,0.5,"baffler",0.0722839506172839,0.0292612165703388,0.0057351984477864
"114",0.65,0.05,0,0.5,"baffler",0.169135802469136,0.102140999930056,0.0200196359862909
"115",0.65,0.1,0,0.5,"baffler",0.221851851851852,0.1452962076134,0.0284780566922263
"116",0.65,0.25,0,0.5,"baffler",0.31320987654321,0.245498219270313,0.0481176509769813
"117",0.65,0.5,0,0.5,"baffler",0.40462962962963,0.341984261764442,0.0670289153058307
"118",0.65,0.75,0,0.5,"baffler",0.496296296296296,0.417564145002903,0.081842572420569
"119",0.65,1,0,0.5,"baffler",0.540308641975309,0.454600413665493,0.0891016810784366
"120",0.69,0.01,0,0.5,"baffler",0.0702890173410404,0.030956556665567,0.00606748510645114
"121",0.69,0.05,0,0.5,"baffler",0.17271676300578,0.104435671182214,0.0204693915517139
"122",0.69,0.1,0,0.5,"baffler",0.209190751445087,0.146950112454414,0.0288022220410651
"123",0.69,0.25,0,0.5,"baffler",0.303410404624277,0.237467958184527,0.0465437198041672
"124",0.69,0.5,0,0.5,"baffler",0.377398843930636,0.32875455275814,0.0644358923405954
"125",0.69,0.75,0,0.5,"baffler",0.463063583815029,0.419227745262602,0.0821686380714699
"126",0.69,1,0,0.5,"baffler",0.523236994219653,0.456054256464483,0.0893866342670387
"127",0.73,0.01,0,0.5,"baffler",0.0696153846153846,0.0299733644128708,0.00587477942492267
"128",0.73,0.05,0,0.5,"baffler",0.163351648351648,0.0984029802587598,0.0192869841307169
"129",0.73,0.1,0,0.5,"baffler",0.215769230769231,0.147942758615014,0.0289967806885427
"130",0.73,0.25,0,0.5,"baffler",0.291263736263736,0.223383841866269,0.0437832330057887
"131",0.73,0.5,0,0.5,"baffler",0.377032967032967,0.316855860844458,0.0621037487255139
"132",0.73,0.75,0,0.5,"baffler",0.438736263736264,0.38592958086508,0.0756421978495557
"133",0.73,1,0,0.5,"baffler",0.50510989010989,0.441991732431739,0.0866303795566209
"134",0.77,0.01,0,0.5,"baffler",0.07265625,0.029991630645486,0.00587835960651525
"135",0.77,0.05,0,0.5,"baffler",0.16203125,0.094210356692063,0.0184652299116443
"136",0.77,0.1,0,0.5,"baffler",0.208645833333333,0.149574758776684,0.0293166527202301
"137",0.77,0.25,0,0.5,"baffler",0.2771875,0.225619864328728,0.0442214934084308
"138",0.77,0.5,0,0.5,"baffler",0.367916666666667,0.307650823753262,0.0602995614556394
"139",0.77,0.75,0,0.5,"baffler",0.43421875,0.369009222092868,0.0723258075302021
"140",0.77,1,0,0.5,"baffler",0.48890625,0.424251419713303,0.0831532782638073
"141",0.81,0.01,0,0.5,"baffler",0.0675247524752476,0.030521118892077,0.00598213930284709
"142",0.81,0.05,0,0.5,"baffler",0.15470297029703,0.097560079559444,0.019121775593651
"143",0.81,0.1,0,0.5,"baffler",0.198118811881188,0.143840807591879,0.0281927982880083
"144",0.81,0.25,0,0.5,"baffler",0.275990099009901,0.227554622735849,0.0446007060562264
"145",0.81,0.5,0,0.5,"baffler",0.365,0.323156576933445,0.0633386890789552
"146",0.81,0.75,0,0.5,"baffler",0.432623762376238,0.367926515292703,0.0721135969973699
"147",0.81,1,0,0.5,"baffler",0.474455445544554,0.428732214586508,0.0840315140589556
"148",0.85,0.01,0,0.5,"baffler",0.0691981132075472,0.0300733261044782,0.00589437191647772
"149",0.85,0.05,0,0.5,"baffler",0.155943396226415,0.0976704266704688,0.0191434036274119
"150",0.85,0.1,0,0.5,"baffler",0.19372641509434,0.139938319483893,0.027427910618843
"151",0.85,0.25,0,0.5,"baffler",0.272311320754717,0.233531451624185,0.0457721645183402
"152",0.85,0.5,0,0.5,"baffler",0.352075471698113,0.310063183018385,0.0607723838716034
"153",0.85,0.75,0,0.5,"baffler",0.406084905660377,0.364100340401289,0.0713636667186526
"154",0.85,1,0,0.5,"baffler",0.461415094339623,0.409329928667705,0.0802286660188703
"155",0.89,0.01,0,0.5,"baffler",0.0677927927927928,0.0298065324957529,0.00584208036916756
"156",0.89,0.05,0,0.5,"baffler",0.145045045045045,0.0942396784227593,0.0184709769708608
"157",0.89,0.1,0,0.5,"baffler",0.188783783783784,0.140643774603519,0.0275661798222897
"158",0.89,0.25,0,0.5,"baffler",0.268783783783784,0.218783158426592,0.0428814990516121
"159",0.89,0.5,0,0.5,"baffler",0.337522522522523,0.307186441271986,0.0602085424893093
"160",0.89,0.75,0,0.5,"baffler",0.396486486486486,0.360060492670741,0.0705718565634652
"161",0.89,1,0,0.5,"baffler",0.456396396396396,0.414000196554922,0.0811440385247647
"162",0.93,0.01,0,0.5,"baffler",0.0654310344827586,0.0266580457094989,0.00522497695906179
"163",0.93,0.05,0,0.5,"baffler",0.13698275862069,0.0890837883222134,0.0174604225111538
"164",0.93,0.1,0,0.5,"baffler",0.194698275862069,0.145361165610603,0.0284907884596782
"165",0.93,0.25,0,0.5,"baffler",0.258362068965517,0.210477311659146,0.0412535530851926
"166",0.93,0.5,0,0.5,"baffler",0.328362068965517,0.307945987979238,0.0603574136439307
"167",0.93,0.75,0,0.5,"baffler",0.388405172413793,0.353649927927603,0.0693153858738103
"168",0.93,1,0,0.5,"baffler",0.449784482758621,0.402442211637233,0.0788786734808976
"169",0.97,0.01,0,0.5,"baffler",0.0638842975206612,0.0278435210882932,0.00545733013330546
"170",0.97,0.05,0,0.5,"baffler",0.137148760330578,0.0936817630784238,0.0183616255633711
"171",0.97,0.1,0,0.5,"baffler",0.183884297520661,0.135423146880391,0.0265429367885567
"172",0.97,0.25,0,0.5,"baffler",0.249214876033058,0.212256710425447,0.0416023152433875
"173",0.97,0.5,0,0.5,"baffler",0.318057851239669,0.288974887954258,0.0566390780390345
"174",0.97,0.75,0,0.5,"baffler",0.382107438016529,0.357210706507754,0.0700132984755198
"175",0.97,1,0,0.5,"baffler",0.443429752066116,0.39865015712401,0.0781354307963059
"176",0.01,0.01,0,0.5,"caller",0.0523472798741518,0.0218949330748134,0.00429140688266343
"177",0.01,0.05,0,0.5,"caller",0.166748182447451,0.0566676204219878,0.0111068536027096
"178",0.01,0.1,0,0.5,"caller",0.226266568748106,0.0993408052859028,0.0194707978360369
"179",0.01,0.25,0,0.5,"caller",0.351575496484337,0.217413093397335,0.0426129663058777
"180",0.01,0.5,0,0.5,"caller",0.448996827288813,0.295999555479217,0.0580159128739266
"181",0.01,0.75,0,0.5,"caller",0.527537178676916,0.414957518856318,0.0813316736958384
"182",0.01,1,0,0.5,"caller",0.585268411634724,0.455104367027489,0.0892004559373878
"183",0.05,0.01,0,0.5,"caller",0.0482506601340534,0.0206999813120934,0.0040571963371703
"184",0.05,0.05,0,0.5,"caller",0.149587969911998,0.0586627783663777,0.01149790455981
"185",0.05,0.1,0,0.5,"caller",0.201471909853071,0.101223194562033,0.0198397461341584
"186",0.05,0.25,0,0.5,"caller",0.298766991428962,0.18333882809013,0.0359344103056655
"187",0.05,0.5,0,0.5,"caller",0.374131296271599,0.277297681432979,0.0543503455608639
"188",0.05,0.75,0,0.5,"caller",0.470629084914848,0.395438443351697,0.0775059348969327
"189",0.05,1,0,0.5,"caller",0.523226744233637,0.434727785280165,0.0852066459149123
"190",0.09,0.01,0,0.5,"caller",0.0479455159214707,0.0209847143442584,0.00411300401147465
"191",0.09,0.05,0,0.5,"caller",0.130944470570111,0.062563870148392,0.0122625185490848
"192",0.09,0.1,0,0.5,"caller",0.181921828758694,0.102416438247857,0.02007362189658
"193",0.09,0.25,0,0.5,"caller",0.274764169902153,0.199580323968814,0.0391177434978875
"194",0.09,0.5,0,0.5,"caller",0.333477557026113,0.2763756100931,0.0541696195782476
"195",0.09,0.75,0,0.5,"caller",0.410219406145116,0.353781770241737,0.0693412269673805
"196",0.09,1,0,0.5,"caller",0.447545602525807,0.381292284490404,0.0747332877601191
"197",0.13,0.01,0,0.5,"caller",0.0448014602133417,0.0215599996038725,0.00422575992235901
"198",0.13,0.05,0,0.5,"caller",0.112576270002318,0.0555284918012033,0.0108835843930359
"199",0.13,0.1,0,0.5,"caller",0.178278892593557,0.0915376139214559,0.0179413723286053
"200",0.13,0.25,0,0.5,"caller",0.251563198688441,0.174345136565216,0.0341716467667822
"201",0.13,0.5,0,0.5,"caller",0.29965460093987,0.262995690204218,0.0515471552800267
"202",0.13,0.75,0,0.5,"caller",0.370596689477669,0.328473994824125,0.0643809029855286
"203",0.13,1,0,0.5,"caller",0.421671882591672,0.378559353235209,0.0741976332341009
"204",0.17,0.01,0,0.5,"caller",0.0402466539266939,0.0213006897700785,0.00417493519493539
"205",0.17,0.05,0,0.5,"caller",0.105848141721214,0.0612838222160709,0.0120116291543499
"206",0.17,0.1,0,0.5,"caller",0.149851102746351,0.0862879541452559,0.0169124390124702
"207",0.17,0.25,0,0.5,"caller",0.212341006604285,0.161962332559181,0.0317446171815995
"208",0.17,0.5,0,0.5,"caller",0.280146985605295,0.231733472498808,0.0454197606097664
"209",0.17,0.75,0,0.5,"caller",0.327461688558919,0.3162906319661,0.0619929638653556
"210",0.17,1,0,0.5,"caller",0.370299898806601,0.336537750979043,0.0659613991918924
"211",0.21,0.01,0,0.5,"caller",0.0387230433410478,0.0229148431357075,0.00449130925459867
"212",0.21,0.05,0,0.5,"caller",0.10041447114657,0.0586794512878082,0.0115011724524104
"213",0.21,0.1,0,0.5,"caller",0.143225988849148,0.0955045217236282,0.0187188862578311
"214",0.21,0.25,0,0.5,"caller",0.194750729917577,0.16725650691035,0.0327822753544286
"215",0.21,0.5,0,0.5,"caller",0.254619494705099,0.244621309202299,0.0479457766036507
"216",0.21,0.75,0,0.5,"caller",0.317989055158146,0.301644913218533,0.0591224029908325
"217",0.21,1,0,0.5,"caller",0.336819684059191,0.325848456833869,0.0638662975394384
"218",0.25,0.01,0,0.5,"caller",0.0370063229652618,0.021985264059442,0.00430911175565064
"219",0.25,0.05,0,0.5,"caller",0.0964495404330086,0.0584024505400435,0.0114468803058485
"220",0.25,0.1,0,0.5,"caller",0.137345150348642,0.0874366993396018,0.017137593070562
"221",0.25,0.25,0,0.5,"caller",0.188123064068515,0.146097909640645,0.0286351902895663
"222",0.25,0.5,0,0.5,"caller",0.235937317285681,0.221371494009485,0.043388812825859
"223",0.25,0.75,0,0.5,"caller",0.285686217460933,0.275780425800912,0.0540529634569788
"224",0.25,1,0,0.5,"caller",0.315607586563616,0.303678372695113,0.0595209610482421
"225",0.29,0.01,0,0.5,"caller",0.0376015337242282,0.0250242635053149,0.00490475564704171
"226",0.29,0.05,0,0.5,"caller",0.0963757259847877,0.0605837493702344,0.0118744148765659
"227",0.29,0.1,0,0.5,"caller",0.129070010449321,0.0884457455482262,0.0173353661274523
"228",0.29,0.25,0,0.5,"caller",0.175378271487935,0.153139895017361,0.0300154194234028
"229",0.29,0.5,0,0.5,"caller",0.225596051557606,0.210839477366685,0.0413245375638703
"230",0.29,0.75,0,0.5,"caller",0.263551446466171,0.26392895534782,0.0517300752481726
"231",0.29,1,0,0.5,"caller",0.301200956755087,0.33222003327359,0.0651151265216237
"232",0.33,0.01,0,0.5,"caller",0.037822280410842,0.0196942509096774,0.00386007317829677
"233",0.33,0.05,0,0.5,"caller",0.0913390599434776,0.0637983481005422,0.0125044762277063
"234",0.33,0.1,0,0.5,"caller",0.112107839021592,0.0816409279933711,0.0160016218867007
"235",0.33,0.25,0,0.5,"caller",0.169316044666471,0.151317345930546,0.0296581998023869
"236",0.33,0.5,0,0.5,"caller",0.205741130737947,0.206821510416418,0.0405370160416179
"237",0.33,0.75,0,0.5,"caller",0.257461273666093,0.277717704308295,0.0544326700444258
"238",0.33,1,0,0.5,"caller",0.274929124162154,0.295116634865173,0.057842860433574
"239",0.37,0.01,0,0.5,"caller",0.0379957805907173,0.0255077205539198,0.00499951322856828
"240",0.37,0.05,0,0.5,"caller",0.085990106939474,0.05727719255671,0.0112263297411152
"241",0.37,0.1,0,0.5,"caller",0.11256016856783,0.0835143571477352,0.0163688140009561
"242",0.37,0.25,0,0.5,"caller",0.164626006904488,0.147281901067347,0.0288672526092001
"243",0.37,0.5,0,0.5,"caller",0.198242567448097,0.189880299578914,0.0372165387174672
"244",0.37,0.75,0,0.5,"caller",0.241561624029978,0.247162377445335,0.0484438259792856
"245",0.37,1,0,0.5,"caller",0.273083361606013,0.288705087907118,0.0565861972297952
"246",0.41,0.01,0,0.5,"caller",0.0324864247809453,0.0210669011159612,0.0041291126187284
"247",0.41,0.05,0,0.5,"caller",0.0784910127182943,0.0537396897160911,0.0105329791843539
"248",0.41,0.1,0,0.5,"caller",0.101198115924143,0.0766400183578593,0.0150214435981404
"249",0.41,0.25,0,0.5,"caller",0.147194753116999,0.13984717627348,0.0274100465496021
"250",0.41,0.5,0,0.5,"caller",0.182217768849305,0.187873648577192,0.0368232351211297
"251",0.41,0.75,0,0.5,"caller",0.230141202846682,0.239783169307335,0.0469975011842377
"252",0.41,1,0,0.5,"caller",0.243034832777983,0.259764004533191,0.0509137448885054
"253",0.45,0.01,0,0.5,"caller",0.031937403773969,0.02113508370956,0.00414247640707376
"254",0.45,0.05,0,0.5,"caller",0.0744352724866715,0.0556470632712777,0.0109068244011704
"255",0.45,0.1,0,0.5,"caller",0.0998028718301078,0.0873621225079832,0.0171229760115647
"256",0.45,0.25,0,0.5,"caller",0.131916599865124,0.133736691394975,0.026212391513415
"257",0.45,0.5,0,0.5,"caller",0.184254685651029,0.196586546701709,0.038530963153535
"258",0.45,0.75,0,0.5,"caller",0.214551475359774,0.224769586502743,0.0440548389545376
"259",0.45,1,0,0.5,"caller",0.236440750213129,0.251369872144419,0.0492684949403062
"260",0.49,0.01,0,0.5,"caller",0.0363104117352035,0.0231175824346323,0.00453104615718793
"261",0.49,0.05,0,0.5,"caller",0.0782614087301587,0.0610855845035566,0.0119727745626971
"262",0.49,0.1,0,0.5,"caller",0.0944649257552483,0.0842619853641192,0.0165153491313674
"263",0.49,0.25,0,0.5,"caller",0.131276321684588,0.125267297628538,0.0245523903351934
"264",0.49,0.5,0,0.5,"caller",0.174857830901178,0.181461991454811,0.035566550325143
"265",0.49,0.75,0,0.5,"caller",0.206131592421915,0.222231503859333,0.0435573747564292
"266",0.49,1,0,0.5,"caller",0.219304915514593,0.25297060018071,0.0495822376354191
"267",0.53,0.01,0,0.5,"caller",0.0337989479836353,0.0251703676023856,0.00493339205006757
"268",0.53,0.05,0,0.5,"caller",0.0758336665743845,0.0571246717521795,0.0111964356634272
"269",0.53,0.1,0,0.5,"caller",0.0999240210403273,0.0870234290049239,0.0170565920849651
"270",0.53,0.25,0,0.5,"caller",0.128886923621151,0.12922479497324,0.0253280598147551
"271",0.53,0.5,0,0.5,"caller",0.174436002337814,0.18811494563587,0.0368705293446305
"272",0.53,0.75,0,0.5,"caller",0.198175069467942,0.222748488657924,0.0436587037769531
"273",0.53,1,0,0.5,"caller",0.210419449778743,0.229076692471779,0.0448990317244687
"274",0.57,0.01,0,0.5,"caller",0.0278410740203193,0.0218437677758233,0.00428137848406136
"275",0.57,0.05,0,0.5,"caller",0.0740115841530936,0.0626699441899831,0.0122833090612367
"276",0.57,0.1,0,0.5,"caller",0.0920444283180132,0.0861325626135473,0.0168819822722553
"277",0.57,0.25,0,0.5,"caller",0.130423990754179,0.138158342116091,0.0270790350547539
"278",0.57,0.5,0,0.5,"caller",0.157714884696017,0.161252100218852,0.0316054116428949
"279",0.57,0.75,0,0.5,"caller",0.185479508365191,0.193921408202879,0.0380085960077643
"280",0.57,1,0,0.5,"caller",0.211365908724399,0.242666801083976,0.0475626930124594
"281",0.61,0.01,0,0.5,"caller",0.0253571428571428,0.0217758562256553,0.00426806782022845
"282",0.61,0.05,0,0.5,"caller",0.0710928679982632,0.0590197633057003,0.0115678736079173
"283",0.61,0.1,0,0.5,"caller",0.0911272434505717,0.0973417449861282,0.0190789820172811
"284",0.61,0.25,0,0.5,"caller",0.121998299319728,0.129313814325028,0.0253455076077055
"285",0.61,0.5,0,0.5,"caller",0.159343971631206,0.164925657089994,0.0323254287896388
"286",0.61,0.75,0,0.5,"caller",0.182336716601534,0.214715898290233,0.0420843160648858
"287",0.61,1,0,0.5,"caller",0.203242014196983,0.252606498753944,0.0495108737557729
"288",0.65,0.01,0,0.5,"caller",0.027136313299104,0.0260930783213011,0.00511424335097502
"289",0.65,0.05,0,0.5,"caller",0.0630992650760093,0.0584618360385302,0.0114585198635519
"290",0.65,0.1,0,0.5,"caller",0.0886116983791403,0.0805774730059104,0.0157931847091584
"291",0.65,0.25,0,0.5,"caller",0.116560203362529,0.139451034174828,0.0273324026982663
"292",0.65,0.5,0,0.5,"caller",0.141775898520085,0.154171432000765,0.03021760067215
"293",0.65,0.75,0,0.5,"caller",0.175091509454811,0.193779087472765,0.0379807011446619
"294",0.65,1,0,0.5,"caller",0.204735729386892,0.25012948621255,0.0490253792976598
"295",0.69,0.01,0,0.5,"caller",0.0382653706337917,0.0375129935950597,0.0073525467446317
"296",0.69,0.05,0,0.5,"caller",0.0645803698435277,0.0632791915389128,0.0124027215416269
"297",0.69,0.1,0,0.5,"caller",0.0861664295874822,0.087130822742791,0.017077641257587
"298",0.69,0.25,0,0.5,"caller",0.112674253200569,0.140087198561557,0.0274570909180652
"299",0.69,0.5,0,0.5,"caller",0.130583609925715,0.149447712011903,0.029291751554333
"300",0.69,0.75,0,0.5,"caller",0.169359886201991,0.203844669914685,0.0399535553032783
"301",0.69,1,0,0.5,"caller",0.185355618776671,0.220864490862321,0.043289440209015
"302",0.73,0.01,0,0.5,"caller",0.0316042780748663,0.0306226399800489,0.00600203743608958
"303",0.73,0.05,0,0.5,"caller",0.0679679144385027,0.0643074713157979,0.0126042643778964
"304",0.73,0.1,0,0.5,"caller",0.0754901960784314,0.0862789384893748,0.0169106719439175
"305",0.73,0.25,0,0.5,"caller",0.114233511586453,0.130976017904703,0.0256712995093218
"306",0.73,0.5,0,0.5,"caller",0.13040942513369,0.146671834733386,0.0287476796077436
"307",0.73,0.75,0,0.5,"caller",0.161248328877005,0.183047988692058,0.0358774057836433
"308",0.73,1,0,0.5,"caller",0.182213680926916,0.229390878321779,0.0449606121510687
"309",0.77,0.01,0,0.5,"caller",0.029730888523992,0.0337019225478181,0.00660557681937234
"310",0.77,0.05,0,0.5,"caller",0.0524876847290641,0.0573417761606684,0.011238988127491
"311",0.77,0.1,0,0.5,"caller",0.0801108374384237,0.0951159862309868,0.0186427333012734
"312",0.77,0.25,0,0.5,"caller",0.108004926108374,0.138581970180708,0.0271620661554188
"313",0.77,0.5,0,0.5,"caller",0.145382685641306,0.173754627427397,0.0340559069757698
"314",0.77,0.75,0,0.5,"caller",0.173633004926108,0.204758356508007,0.0401326378755693
"315",0.77,1,0,0.5,"caller",0.168300492610838,0.208112305604797,0.0407900118985402
"316",0.81,0.01,0,0.5,"caller",0.026304347826087,0.0379081566211627,0.00742999869774789
"317",0.81,0.05,0,0.5,"caller",0.0659057971014493,0.0765715462669816,0.0150080230683284
"318",0.81,0.1,0,0.5,"caller",0.0722463768115942,0.082798273354128,0.0162284615774091
"319",0.81,0.25,0,0.5,"caller",0.0992028985507247,0.112795114143843,0.0221078423721933
"320",0.81,0.5,0,0.5,"caller",0.133061594202899,0.156927613312818,0.0307578122093123
"321",0.81,0.75,0,0.5,"caller",0.155018115942029,0.205490936032722,0.0402762234624136
"322",0.81,1,0,0.5,"caller",0.170018115942029,0.197070179673334,0.0386257552159735
"323",0.85,0.01,0,0.5,"caller",0.0294736842105263,0.0361250180385509,0.00708050353555597
"324",0.85,0.05,0,0.5,"caller",0.0621052631578947,0.0719006437093886,0.0140925261670402
"325",0.85,0.1,0,0.5,"caller",0.0707602339181287,0.083058904391337,0.0162795452607021
"326",0.85,0.25,0,0.5,"caller",0.0869298245614035,0.111111775649262,0.0217779080272554
"327",0.85,0.5,0,0.5,"caller",0.126929824561404,0.157447299449543,0.0308596706921104
"328",0.85,0.75,0,0.5,"caller",0.151929824561404,0.178404895290574,0.0349673594769525
"329",0.85,1,0,0.5,"caller",0.164649122807018,0.195746875935394,0.0383663876833373
"330",0.89,0.01,0,0.5,"caller",0.0287362637362637,0.0434386170687733,0.00851396894547956
"331",0.89,0.05,0,0.5,"caller",0.0421978021978022,0.0666739849536241,0.0130681010509103
"332",0.89,0.1,0,0.5,"caller",0.0745054945054945,0.0989945415185539,0.0194029301376366
"333",0.89,0.25,0,0.5,"caller",0.110879120879121,0.147029957223367,0.0288178716157799
"334",0.89,0.5,0,0.5,"caller",0.113571428571429,0.165298964548755,0.032398597051556
"335",0.89,0.75,0,0.5,"caller",0.137417582417582,0.201688331921131,0.0395309130565416
"336",0.89,1,0,0.5,"caller",0.171428571428571,0.254621274451727,0.0499057697925386
"337",0.93,0.01,0,0.5,"caller",0.0233333333333333,0.0481481481481481,0.00943703703703703
"338",0.93,0.05,0,0.5,"caller",0.0569444444444444,0.09058212963798,0.0177540974090441
"339",0.93,0.1,0,0.5,"caller",0.0722222222222222,0.122710990869643,0.0240513542104499
"340",0.93,0.25,0,0.5,"caller",0.0813888888888888,0.11839580926632,0.0232055786161988
"341",0.93,0.5,0,0.5,"caller",0.114861111111111,0.177083457120179,0.034708357595555
"342",0.93,0.75,0,0.5,"caller",0.137777777777778,0.196692947827706,0.0385518177742304
"343",0.93,1,0,0.5,"caller",0.160138888888889,0.248714231634086,0.0487479894002809
"344",0.97,0.01,0,0.5,"caller",0.0225,0.0719058728161653,0.0140935510719684
"345",0.97,0.05,0,0.5,"caller",0.045,0.119869457614051,0.0234944136923541
"346",0.97,0.1,0,0.5,"caller",0.0625,0.152317948961236,0.0298543179964022
"347",0.97,0.25,0,0.5,"caller",0.0916666666666667,0.180604111575139,0.0353984058687272
"348",0.97,0.5,0,0.5,"caller",0.125,0.255000495147073,0.0499800970488264
"349",0.97,0.75,0,0.5,"caller",0.165,0.284755787624867,0.055812134374474
"350",0.97,1,0,0.5,"caller",0.15,0.28647985456347,0.0561500514944402
"351",0.01,0.01,0,0.5,"silent",0.00128582693292371,0.00296109768525213,0.000580375146309417
"352",0.01,0.05,0,0.5,"silent",0.00676391193036354,0.00790864699133827,0.0015500948103023
"353",0.01,0.1,0,0.5,"silent",0.00988136054448558,0.010020387968449,0.00196399604181601
"354",0.01,0.25,0,0.5,"silent",0.0224687690970362,0.0157245194445523,0.00308200581113226
"355",0.01,0.5,0,0.5,"silent",0.0380944281158404,0.0279553423626258,0.00547924710307465
"356",0.01,0.75,0,0.5,"silent",0.0473480081925243,0.0291550008155326,0.0057143801598444
"357",0.01,1,0,0.5,"silent",0.0638927212047083,0.0426875226953152,0.00836675444828177
"358",0.05,0.01,0,0.5,"silent",0.0015112160566706,0.00402684927806174,0.000789262458500101
"359",0.05,0.05,0,0.5,"silent",0.00711916336782646,0.00773797971552394,0.00151664402424269
"360",0.05,0.1,0,0.5,"silent",0.00931036072965771,0.00867257513348146,0.00169982472616237
"361",0.05,0.25,0,0.5,"silent",0.0200652175201869,0.0136143835090212,0.00266841916776815
"362",0.05,0.5,0,0.5,"silent",0.0367440322965658,0.0258476300046523,0.00506613548091185
"363",0.05,0.75,0,0.5,"silent",0.0555905098524981,0.0390310776045534,0.00765009121049246
"364",0.05,1,0,0.5,"silent",0.0653256673486357,0.0382873741973628,0.0075043253426831
"365",0.09,0.01,0,0.5,"silent",0.00113882532418001,0.00296094221776491,0.000580344674681922
"366",0.09,0.05,0,0.5,"silent",0.00665223933242555,0.0070523341046176,0.00138225748450505
"367",0.09,0.1,0,0.5,"silent",0.0113028617270312,0.00942822139012272,0.00184793139246405
"368",0.09,0.25,0,0.5,"silent",0.0198055314448039,0.0166147301016905,0.00325648709993134
"369",0.09,0.5,0,0.5,"silent",0.0382514991389229,0.0242605040965649,0.00475505880292673
"370",0.09,0.75,0,0.5,"silent",0.0514560189540857,0.0396989630740803,0.00778099676251975
"371",0.09,1,0,0.5,"silent",0.0693438129113581,0.0382017179352362,0.00748753671530629
"372",0.13,0.01,0,0.5,"silent",0.00136953426976363,0.00352225586752661,0.000690362150035216
"373",0.13,0.05,0,0.5,"silent",0.00558639707263561,0.00636388935375745,0.00124732231333646
"374",0.13,0.1,0,0.5,"silent",0.0114487974212745,0.0100355739644419,0.00196697249703062
"375",0.13,0.25,0,0.5,"silent",0.0244523573376784,0.0166317010232803,0.00325981340056294
"376",0.13,0.5,0,0.5,"silent",0.0342569254140355,0.0272973710237719,0.00535028472065928
"377",0.13,0.75,0,0.5,"silent",0.0498163527521326,0.0348586930236191,0.00683230383262935
"378",0.13,1,0,0.5,"silent",0.0669827559001871,0.0408396875030186,0.00800457875059164
"379",0.17,0.01,0,0.5,"silent",0.00182600732600733,0.00378923762462902,0.000742690574427289
"380",0.17,0.05,0,0.5,"silent",0.00633976086806275,0.00799213846984511,0.00156645914008964
"381",0.17,0.1,0,0.5,"silent",0.0129616584408949,0.0121670538566675,0.00238474255590683
"382",0.17,0.25,0,0.5,"silent",0.0221375200620484,0.0183088165325897,0.00358852804038759
"383",0.17,0.5,0,0.5,"silent",0.0352345013477089,0.02252631503832,0.00441515774751073
"384",0.17,0.75,0,0.5,"silent",0.0555380123021632,0.038903942114369,0.00762517265441633
"385",0.17,1,0,0.5,"silent",0.0650474611205523,0.0415870023775765,0.008151052466005
"386",0.21,0.01,0,0.5,"silent",0.00201818181818182,0.00405672095525136,0.000795117307229267
"387",0.21,0.05,0,0.5,"silent",0.00584666290158428,0.00798819787880206,0.0015656867842452
"388",0.21,0.1,0,0.5,"silent",0.0103829482948295,0.0114247908597545,0.00223925900851189
"389",0.21,0.25,0,0.5,"silent",0.0202637757893436,0.0158014487113858,0.00309708394743161
"390",0.21,0.5,0,0.5,"silent",0.0328759575957596,0.0282894369236395,0.00554472963703335
"391",0.21,0.75,0,0.5,"silent",0.0474929892989299,0.0302185099986771,0.00592282795974071
"392",0.21,1,0,0.5,"silent",0.0640398739873987,0.0424529656895218,0.00832078127514627
"393",0.25,0.01,0,0.5,"silent",0.00191153415453527,0.00437042537450154,0.000856603373402302
"394",0.25,0.05,0,0.5,"silent",0.00488582493467712,0.00715335028579426,0.00140205665601567
"395",0.25,0.1,0,0.5,"silent",0.00998103303471445,0.0106492139235336,0.00208724592901258
"396",0.25,0.25,0,0.5,"silent",0.0192252239641657,0.0176964417550472,0.00346850258398925
"397",0.25,0.5,0,0.5,"silent",0.0385351497712256,0.0275112069325575,0.00539219655878127
"398",0.25,0.75,0,0.5,"silent",0.0519958939902949,0.0330360487470801,0.00647506555442769
"399",0.25,1,0,0.5,"silent",0.0678282474804031,0.0440455918336717,0.00863293599939965
"400",0.29,0.01,0,0.5,"silent",0.00201625715108861,0.0046106447097853,0.00090368636311792
"401",0.29,0.05,0,0.5,"silent",0.00595131086142322,0.00895458160683666,0.00175509799493998
"402",0.29,0.1,0,0.5,"silent",0.0106518225844068,0.0108512509780786,0.00212684519170341
"403",0.29,0.25,0,0.5,"silent",0.0181636553209587,0.0191803461958895,0.00375934785439434
"404",0.29,0.5,0,0.5,"silent",0.0318553996348329,0.0201027581221319,0.00394014059193784
"405",0.29,0.75,0,0.5,"silent",0.0470498564563049,0.0376620473764216,0.00738176128577863
"406",0.29,1,0,0.5,"silent",0.0625514481045234,0.0418211638003626,0.00819694810487107
"407",0.33,0.01,0,0.5,"silent",0.00142160119861898,0.00422303889989646,0.000827715624379706
"408",0.33,0.05,0,0.5,"silent",0.00617927170868347,0.00868441525952036,0.00170214539086599
"409",0.33,0.1,0,0.5,"silent",0.00998182528825483,0.0110442904554802,0.00216468092927412
"410",0.33,0.25,0,0.5,"silent",0.0206768288710833,0.0188529239461749,0.00369517309345028
"411",0.33,0.5,0,0.5,"silent",0.0331281012806085,0.0268815025399171,0.00526877449782375
"412",0.33,0.75,0,0.5,"silent",0.0460168067226891,0.0332603682303268,0.00651903217314406
"413",0.33,1,0,0.5,"silent",0.0570829913360693,0.0442555186715013,0.00867408165961425
"414",0.37,0.01,0,0.5,"silent",0.00126424050632911,0.00458303758111736,0.000898275365899003
"415",0.37,0.05,0,0.5,"silent",0.00518512658227849,0.00785743828882468,0.00154005790460964
"416",0.37,0.1,0,0.5,"silent",0.010351459736468,0.0115508957287487,0.00226397556283474
"417",0.37,0.25,0,0.5,"silent",0.0197105993123926,0.017530637127784,0.00343600487704567
"418",0.37,0.5,0,0.5,"silent",0.0366365028453379,0.0319666555372039,0.00626546448529197
"419",0.37,0.75,0,0.5,"silent",0.0457251914361619,0.037043225318779,0.00726047216248069
"420",0.37,1,0,0.5,"silent",0.0605822707217428,0.0483761510842478,0.00948172561251257
"421",0.41,0.01,0,0.5,"silent",0.00191595705294335,0.00477261546975985,0.000935432632072931
"422",0.41,0.05,0,0.5,"silent",0.00396149574231766,0.0080586156757577,0.00157948867244851
"423",0.41,0.1,0,0.5,"silent",0.012441737628039,0.0140330300886049,0.00275047389736656
"424",0.41,0.25,0,0.5,"silent",0.0186060718252499,0.0187894684489067,0.00368273581598571
"425",0.41,0.5,0,0.5,"silent",0.0315540547035861,0.0294883580534973,0.00577971817848546
"426",0.41,0.75,0,0.5,"silent",0.0499259533506109,0.0427955277366738,0.00838792343638807
"427",0.41,1,0,0.5,"silent",0.0572234481056399,0.0451851018366738,0.00885627995998806
"428",0.45,0.01,0,0.5,"silent",0.00130227743271222,0.00464376203431404,0.000910177358725553
"429",0.45,0.05,0,0.5,"silent",0.0060703933747412,0.00921895895564457,0.00180691595530634
"430",0.45,0.1,0,0.5,"silent",0.00868334645554486,0.0102812954906757,0.00201513391617243
"431",0.45,0.25,0,0.5,"silent",0.016770302977284,0.0184541044069957,0.00361700446377116
"432",0.45,0.5,0,0.5,"silent",0.0318119441285393,0.0252425815233096,0.00494754597856868
"433",0.45,0.75,0,0.5,"silent",0.0475599393462223,0.0361268795624725,0.00708086839424461
"434",0.45,1,0,0.5,"silent",0.0592049689440994,0.0480040187483196,0.00940878767467064
"435",0.49,0.01,0,0.5,"silent",0.00217795745920746,0.00542547135041195,0.00106339238468074
"436",0.49,0.05,0,0.5,"silent",0.00436778846153846,0.00801246029201959,0.00157044221723584
"437",0.49,0.1,0,0.5,"silent",0.00843509615384615,0.012247497086323,0.00240050942891931
"438",0.49,0.25,0,0.5,"silent",0.0202670454545455,0.021084325498763,0.00413252779775755
"439",0.49,0.5,0,0.5,"silent",0.0343102418414918,0.0293518474212952,0.00575296209457386
"440",0.49,0.75,0,0.5,"silent",0.0475628642191142,0.037953156382716,0.00743881865101234
"441",0.49,1,0,0.5,"silent",0.0547646416083916,0.043321258768033,0.00849096671853446
"442",0.53,0.01,0,0.5,"silent",0.0015225988700565,0.00486602031937146,0.000953739982596805
"443",0.53,0.05,0,0.5,"silent",0.00491525423728814,0.00910830298242926,0.00178522738455614
"444",0.53,0.1,0,0.5,"silent",0.0125310734463277,0.014759637229282,0.00289288889693926
"445",0.53,0.25,0,0.5,"silent",0.015409604519774,0.015989817432587,0.00313400421678706
"446",0.53,0.5,0,0.5,"silent",0.0392881355932203,0.0310898277468607,0.0060936062383847
"447",0.53,0.75,0,0.5,"silent",0.0498319903676947,0.038056511862504,0.00745907632505079
"448",0.53,1,0,0.5,"silent",0.0539844177145981,0.0415150483388546,0.00813694947441551
"449",0.57,0.01,0,0.5,"silent",0.000754716981132076,0.00371596953899873,0.00072833002964375
"450",0.57,0.05,0,0.5,"silent",0.00696366177498253,0.0115307999135212,0.00226003678305016
"451",0.57,0.1,0,0.5,"silent",0.00941649196366178,0.0142776075350482,0.00279841107686944
"452",0.57,0.25,0,0.5,"silent",0.0214334540372276,0.0271373740836798,0.00531892532040125
"453",0.57,0.5,0,0.5,"silent",0.0280992313067785,0.0267499348074168,0.0052429872222537
"454",0.57,0.75,0,0.5,"silent",0.0483876160527104,0.0450033779718488,0.00882066208248237
"455",0.57,1,0,0.5,"silent",0.0557241598373674,0.049467722984528,0.0096956737049675
"456",0.61,0.01,0,0.5,"silent",0.00162857142857143,0.00555070966911313,0.00108793909514617
"457",0.61,0.05,0,0.5,"silent",0.00711068427370948,0.013306686309881,0.00260811051673668
"458",0.61,0.1,0,0.5,"silent",0.00775102040816326,0.0144359383605524,0.00282944391866827
"459",0.61,0.25,0,0.5,"silent",0.0216040816326531,0.0240513388695378,0.00471406241842941
"460",0.61,0.5,0,0.5,"silent",0.0280657863145258,0.0316136061516518,0.00619626680572374
"461",0.61,0.75,0,0.5,"silent",0.0431518207282913,0.0479404096972512,0.00939632030066123
"462",0.61,1,0,0.5,"silent",0.0566417582417583,0.0449833542512975,0.0088167374332543
"463",0.65,0.01,0,0.5,"silent",0.00157597716293368,0.00577410728492506,0.00113172502784531
"464",0.65,0.05,0,0.5,"silent",0.00453052261747913,0.0091073142405644,0.00178503359115062
"465",0.65,0.1,0,0.5,"silent",0.00680324989020641,0.0131037634622127,0.00256833763859368
"466",0.65,0.25,0,0.5,"silent",0.0181567852437418,0.021654103944791,0.00424420437317903
"467",0.65,0.5,0,0.5,"silent",0.0329242424242424,0.0355716952329714,0.00697205226566239
"468",0.65,0.75,0,0.5,"silent",0.0496172455358394,0.0415456320115357,0.00814294387426101
"469",0.65,1,0,0.5,"silent",0.0579141414141414,0.0520953607264645,0.010210690702387
"470",0.69,0.01,0,0.5,"silent",0.00153846153846154,0.00612008350194722,0.00119953636638166
"471",0.69,0.05,0,0.5,"silent",0.00358333333333333,0.00892617350417149,0.00174953000681761
"472",0.69,0.1,0,0.5,"silent",0.0117692307692308,0.0164474455582093,0.00322369932940903
"473",0.69,0.25,0,0.5,"silent",0.0151217948717949,0.0218925578317999,0.00429094133503279
"474",0.69,0.5,0,0.5,"silent",0.0312182614133834,0.0348217275099031,0.00682505859194101
"475",0.69,0.75,0,0.5,"silent",0.0380705128205128,0.0362672535610095,0.00710838169795786
"476",0.69,1,0,0.5,"silent",0.0619551282051282,0.0621302626523731,0.0121775314798651
"477",0.73,0.01,0,0.5,"silent",0.000882352941176471,0.00655004421628276,0.00128380866639142
"478",0.73,0.05,0,0.5,"silent",0.00147058823529412,0.00644243863404678,0.00126271797227317
"479",0.73,0.1,0,0.5,"silent",0.00763025210084035,0.0159615519912186,0.00312846419027884
"480",0.73,0.25,0,0.5,"silent",0.0196638655462185,0.0236099123732439,0.0046275428251558
"481",0.73,0.5,0,0.5,"silent",0.0336591970121382,0.0390669824419193,0.00765712855861619
"482",0.73,0.75,0,0.5,"silent",0.0452441643323996,0.0433236317402174,0.00849143182108261
"483",0.73,1,0,0.5,"silent",0.0573118580765639,0.0468136570350311,0.0091754767788661
"484",0.77,0.01,0,0.5,"silent",0.00204671857619578,0.00814451556420118,0.00159632505058343
"485",0.77,0.05,0,0.5,"silent",0.00482758620689656,0.0129857775405693,0.00254521239795158
"486",0.77,0.1,0,0.5,"silent",0.00620689655172414,0.0150106957307047,0.00294209636321813
"487",0.77,0.25,0,0.5,"silent",0.0178965517241379,0.0337320089449763,0.00661147375321536
"488",0.77,0.5,0,0.5,"silent",0.0350697070819429,0.039392128086605,0.00772085710497459
"489",0.77,0.75,0,0.5,"silent",0.0385747126436782,0.0440845636962714,0.0086405744844692
"490",0.77,1,0,0.5,"silent",0.0496551724137931,0.0510098126332426,0.00999792327611554
"491",0.81,0.01,0,0.5,"silent",0.00291666666666667,0.0106846833323435,0.00209419793313932
"492",0.81,0.05,0,0.5,"silent",0.00375,0.0119843121360276,0.0023489251786614
"493",0.81,0.1,0,0.5,"silent",0.00623333333333334,0.0181009452785636,0.00354778527459846
"494",0.81,0.25,0,0.5,"silent",0.0158333333333333,0.0263390012227049,0.00516244423965017
"495",0.81,0.5,0,0.5,"silent",0.0245333333333333,0.0374780743983207,0.00734570258207086
"496",0.81,0.75,0,0.5,"silent",0.0574833333333333,0.0661586260793995,0.0129670907115623
"497",0.81,1,0,0.5,"silent",0.0549166666666667,0.0664011442134995,0.0130146242658459
"498",0.85,0.01,0,0.5,"silent",0.000526315789473684,0.00526315789473684,0.00103157894736842
"499",0.85,0.05,0,0.5,"silent",0.00263157894736842,0.0137429728386077,0.00269362267636712
"500",0.85,0.1,0,0.5,"silent",0.00942105263157895,0.0228137028602016,0.00447148576059951
"501",0.85,0.25,0,0.5,"silent",0.0183947368421053,0.0329013709418738,0.00644866870460727
"502",0.85,0.5,0,0.5,"silent",0.0294473684210526,0.0418514662909241,0.00820288739302112
"503",0.85,0.75,0,0.5,"silent",0.0435789473684211,0.0612441769668355,0.0120038586854998
"504",0.85,1,0,0.5,"silent",0.0561842105263158,0.0575485943028263,0.0112795244833539
"505",0.89,0.01,0,0.5,"silent",0.00428571428571428,0.0170488040411387,0.00334156559206319
"506",0.89,0.05,0,0.5,"silent",0.005,0.018316599998303,0.0035900535996674
"507",0.89,0.1,0,0.5,"silent",0.00709523809523809,0.0213977652539782,0.00419396198977973
"508",0.89,0.25,0,0.5,"silent",0.0135714285714286,0.0316113666151671,0.00619582785657275
"509",0.89,0.5,0,0.5,"silent",0.0271428571428571,0.0428090157865354,0.00839056709416093
"510",0.89,0.75,0,0.5,"silent",0.0399523809523809,0.0594526558848396,0.0116527205534286
"511",0.89,1,0,0.5,"silent",0.0663809523809524,0.0667690411650853,0.0130867320683567
"512",0.93,0.01,0,0.5,"silent",0,0,0
"513",0.93,0.05,0,0.5,"silent",0.00111111111111111,0.0111111111111111,0.00217777777777778
"514",0.93,0.1,0,0.5,"silent",0.00444444444444444,0.0218829317296591,0.00428905461901319
"515",0.93,0.25,0,0.5,"silent",0.0165555555555555,0.0426546174063612,0.00836030501164679
"516",0.93,0.5,0,0.5,"silent",0.0375555555555555,0.0755869083954895,0.0148150340455159
"517",0.93,0.75,0,0.5,"silent",0.03,0.0685753699898734,0.0134407725180152
"518",0.93,1,0,0.5,"silent",0.0541111111111111,0.0867396596125121,0.0170009732840524
"519",0.97,0.01,0,0.5,"silent",0,0,0
"520",0.97,0.05,0,0.5,"silent",0.0125,0.0547607283893976,0.0107331027643219
"521",0.97,0.1,0,0.5,"silent",0.015,0.0596708141439855,0.0116954795722212
"522",0.97,0.25,0,0.5,"silent",0.015,0.0596708141439855,0.0116954795722212
"523",0.97,0.5,0,0.5,"silent",0.0375,0.102832363337108,0.0201551432140731
"524",0.97,0.75,0,0.5,"silent",0.035,0.0871837720049443,0.0170880193129691
"525",0.97,1,0,0.5,"silent",0.0575,0.13695368973238,0.0268429231875466
