"baffle_prop","density","bush_density","prop_males","mean_phonotaxis_steps","mean_random_steps","mean_total_steps","sd_phonotaxis_steps","sd_random_steps","sd_total_steps","ci_phonotaxis_steps","ci_random_steps","ci_total_steps"
0.01,0.05,"0.5",0.5,13.46628,45.879,59.34528,6.19015756409179,6.31399477831634,0.248653995940081,1.21327088256199,1.23754297655,0.0487361832042558
0.01,0.25,"0.5",0.5,32.91316,25.22608,58.13924,13.2871371632246,13.2867380311605,0.243082357910386,2.60427888399202,2.60420065410746,0.0476441421504356
0.01,0.5,"0.5",0.5,39.33464,17.70868,57.04332,12.5929732045978,12.3449782084568,0.419151255936965,2.46822274810116,2.41961572885753,0.0821536461636451
0.01,0.75,"0.5",0.5,40.0532,16.10608,56.15928,10.895763780646,10.473993042587,0.555740621135253,2.13556970100661,2.05290263634706,0.10892516174251
0.01,1,"0.5",0.5,39.61888,15.7124,55.33128,9.77701768711407,9.28560214917306,0.706385393994301,1.91629546667436,1.81997802123792,0.138451537222883
0.05,0.05,"0.5",0.5,13.63816,45.70616,59.34432,6.18339342406479,6.30255529823204,0.249241389626664,1.2119451111167,1.23530083845348,0.0488513123668261
0.05,0.25,"0.5",0.5,34.08672,24.09052,58.17724,13.4199845775702,13.3667386580696,0.30033446406137,2.63031697720376,2.61988077698163,0.0588655549560285
0.05,0.5,"0.5",0.5,40.36744,16.9428,57.31024,12.9195020577655,12.6187757558234,0.457951281428075,2.53222240332203,2.4732800481414,0.0897584511599027
0.05,0.75,"0.5",0.5,40.86904,15.57,56.43904,10.9822145233449,10.4942502775991,0.648706466124641,2.1525140465756,2.05687305440942,0.12714646736043
0.05,1,"0.5",0.5,40.35096,15.18488,55.53584,9.55720655049837,8.98555395647071,0.732458744589245,1.87321248389768,1.76116857546826,0.143561913939492
0.09,0.05,"0.5",0.5,14.84976,44.51128,59.36104,6.81988565489617,6.91448394340723,0.227674493853649,1.33669758835965,1.35523885290782,0.0446242007953152
0.09,0.25,"0.5",0.5,35.02484,23.267,58.29184,13.5884110968044,13.5048635294658,0.239568581943763,2.66332857497367,2.64695325177529,0.0469554420609775
0.09,0.5,"0.5",0.5,40.51548,16.83392,57.3494,12.8320560800684,12.4964750550552,0.479398402461698,2.51508299169341,2.44930911079081,0.0939620868824928
0.09,0.75,"0.5",0.5,41.2464,15.32076,56.56716,11.0081605579082,10.5174419241889,0.606672739230347,2.15759946935002,2.06141861714103,0.118907856889148
0.09,1,"0.5",0.5,40.88636,14.85848,55.74484,10.3424445633447,9.6523144746101,0.847573038120902,2.02711913441556,1.89185363702358,0.166124315471697
0.13,0.05,"0.5",0.5,14.83416,44.56348,59.39764,7.01441020468549,7.11693084809496,0.257569114780653,1.37482440011836,1.39491844622661,0.0504835464970079
0.13,0.25,"0.5",0.5,34.98128,23.278,58.25928,13.3921965745924,13.3566430125858,0.317460315821068,2.62487052862012,2.61790203046681,0.0622222219009293
0.13,0.5,"0.5",0.5,41.46824,16.02084,57.48908,12.9236292093908,12.5291433008378,0.509482718058228,2.53303132504059,2.45571208696421,0.0998586127394127
0.13,0.75,"0.5",0.5,42.19552,14.50656,56.70208,11.1871187004419,10.6119654443615,0.701543805265979,2.19267526528662,2.07994522709486,0.137502585832132
0.13,1,"0.5",0.5,41.7814,14.13596,55.91736,9.87174895109956,9.12867762771296,0.860044672553628,1.93486279441551,1.78922081503174,0.168568755820511
0.17,0.05,"0.5",0.5,15.57616,43.8758,59.45196,7.14825475163997,7.23460189127588,0.240415461947509,1.40105793132143,1.41798197069007,0.0471214305417118
0.17,0.25,"0.5",0.5,36.22476,22.13004,58.3548,13.9085805207949,13.7541419347781,0.30865521282499,2.72608178207579,2.6958118192165,0.0604964217136981
0.17,0.5,"0.5",0.5,42.17692,15.3224,57.49932,12.7644351983521,12.3424846769198,0.542240188309739,2.50182929887701,2.41912699667628,0.106279076908709
0.17,0.75,"0.5",0.5,42.384,14.48592,56.86992,11.7914981459208,11.1674309930008,0.729846361028861,2.31113363660047,2.18881647462815,0.143049886761657
0.17,1,"0.5",0.5,42.94304,13.24268,56.18572,10.2085741600981,9.42819657646384,0.936905588853136,2.00088053537922,1.84792652898691,0.183633495415215
0.21,0.05,"0.5",0.5,15.42428,43.9946,59.41888,7.10930346796337,7.19296746057487,0.23246145678131,1.39342347972082,1.40982162227267,0.0455624455291368
0.21,0.25,"0.5",0.5,37.0048,21.40212,58.40692,13.8828975172601,13.7105960345208,0.34621548961958,2.72104791338299,2.68727682276608,0.0678582359654377
0.21,0.5,"0.5",0.5,42.6166,15.00948,57.62608,12.607186962646,12.2486011194517,0.511897552881887,2.47100864467861,2.40072581941254,0.10033192036485
0.21,0.75,"0.5",0.5,42.80384,14.12596,56.9298,11.1326409063573,10.5168035316648,0.735705776719872,2.18199761764602,2.06129349220629,0.144198332237095
0.21,1,"0.5",0.5,43.03248,13.19268,56.22516,10.2193641705392,9.43007722033145,0.915960441120123,2.00299537742569,1.84829513518496,0.179528246459544
0.25,0.05,"0.5",0.5,15.72648,43.69616,59.42264,7.07918376348373,7.13626744346416,0.231634836269801,1.38752001764281,1.39870841891897,0.0454004279088809
0.25,0.25,"0.5",0.5,36.97716,21.53972,58.51688,13.8532496429939,13.7202925816787,0.279420225148829,2.71523693002681,2.68917734600903,0.0547663641291705
0.25,0.5,"0.5",0.5,42.9436,14.74824,57.69184,12.4556185366811,12.0537090960468,0.500116162667851,2.44130123318949,2.36252698282517,0.0980227678828988
0.25,0.75,"0.5",0.5,44.07124,13.0154,57.08664,11.0212745116438,10.3598438329168,0.765380258301702,2.16016980428219,2.03052939125169,0.150014530627134
0.25,1,"0.5",0.5,42.78888,13.38496,56.17384,9.71561090712189,8.89825928944657,0.920997161842105,1.90425973779589,1.74405882073153,0.180515443721052
0.29,0.05,"0.5",0.5,16.0506,43.3828,59.4334,7.24096267666451,7.29040780059592,0.215655823810614,1.41922868462624,1.4289199289168,0.0422685414668803
0.29,0.25,"0.5",0.5,38.0606,20.4102,58.4708,14.1516917288315,13.9958222496731,0.299061697630939,2.77373157885098,2.74318116093593,0.058616092735664
0.29,0.5,"0.5",0.5,42.60528,15.13012,57.7354,12.5210209656329,12.024486847473,0.578475705120052,2.45412010926405,2.3567994221047,0.11338123820353
0.29,0.75,"0.5",0.5,44.3946,12.68504,57.07964,10.9826902097084,10.241201359768,0.829501901410988,2.15260728110284,2.00727546651452,0.162582372676554
0.29,1,"0.5",0.5,43.78244,12.64636,56.4288,9.7240391972418,8.93328059857795,0.886660195920795,1.90591168265939,1.75092299732128,0.173785398400476
0.33,0.05,"0.5",0.5,16.74468,42.69008,59.43476,7.70597499370692,7.76823365084634,0.219566290581218,1.51037109876656,1.52257379556588,0.0430349929539188
0.33,0.25,"0.5",0.5,38.76456,19.76984,58.5344,13.8572693218025,13.7004066169253,0.294858295018834,2.7160247870733,2.68527969691736,0.0577922258236915
0.33,0.5,"0.5",0.5,43.8624,13.93492,57.79732,12.4661934766784,11.9633510639956,0.573425519015841,2.44337392142897,2.34481680854313,0.112391401727105
0.33,0.75,"0.5",0.5,44.12188,12.99884,57.12072,11.170060885576,10.499444391957,0.757788036779989,2.18933193357289,2.05789110082358,0.148526455208878
0.33,1,"0.5",0.5,44.2298,12.32124,56.55104,9.76370766428079,8.97583283113747,0.919749130486299,1.91368670219903,1.75926323490294,0.180270829575315
0.37,0.05,"0.5",0.5,17.12092,42.33116,59.45208,7.76664064201648,7.82430602559883,0.200059772886187,1.52226156583523,1.53356398101737,0.0392117154856927
0.37,0.25,"0.5",0.5,38.59428,19.98508,58.57936,14.1994554598108,14.043160573839,0.307190445979379,2.78309327012292,2.75245947247244,0.0602093274119584
0.37,0.5,"0.5",0.5,43.92572,13.92884,57.85456,12.3635608123717,11.8890521890494,0.580502469913572,2.42325791922484,2.33025422905367,0.11377848410306
0.37,0.75,"0.5",0.5,44.99584,12.24688,57.24272,11.036855677541,10.3152425661046,0.825014552427514,2.16322371279803,2.0217875429565,0.161702852275793
0.37,1,"0.5",0.5,43.7862,12.63728,56.42348,9.78236150663349,9.04393038505367,0.853464507910333,1.91734285530016,1.77261035547052,0.167279043550425
0.41,0.05,"0.5",0.5,17.32876,42.15992,59.48868,8.02107707712448,8.05580283188849,0.212516660309471,1.5721311071164,1.57893735505014,0.0416532654206562
0.41,0.25,"0.5",0.5,39.77676,18.86192,58.63868,14.2563822539984,14.0649506404675,0.302697397985967,2.79425092178369,2.75673032553164,0.0593286900052495
0.41,0.5,"0.5",0.5,45.00632,12.86956,57.87588,12.2044619517998,11.744671407541,0.561822274641037,2.39207454255276,2.30195559587804,0.110117165829643
0.41,0.75,"0.5",0.5,45.09244,12.15824,57.25068,10.7799400218717,10.1256786131183,0.751832789275849,2.11286824428686,1.98463300817119,0.147359226698066
0.41,1,"0.5",0.5,44.83016,11.80992,56.64008,9.28848588711591,8.49470296706046,0.904860586170069,1.82054323387472,1.66496178154385,0.177352674889333
0.45,0.05,"0.5",0.5,17.97932,41.54672,59.52604,8.16182594058734,8.20549917363257,0.213812715177833,1.59971788435512,1.60827783803198,0.0419072921748553
0.45,0.25,"0.5",0.5,40.04048,18.57484,58.61532,13.9208340314404,13.7109523814527,0.345549273774465,2.72848347016232,2.68734666676474,0.0677276576597952
0.45,0.5,"0.5",0.5,44.77324,13.16192,57.93516,12.5200015321908,12.0327244231737,0.577895952328074,2.4539203003094,2.35841398694204,0.113267606656303
0.45,0.75,"0.5",0.5,45.13996,12.15604,57.296,10.9368051175927,10.2538961030095,0.780214319170306,2.14361380304817,2.00976363618986,0.15292200655738
0.45,1,"0.5",0.5,44.93748,11.78356,56.72104,9.67824468023541,8.77283802405833,0.984909429461626,1.89693595732614,1.71947625271543,0.193042248174479
0.49,0.05,"0.5",0.5,18.11512,41.3348,59.44992,8.33450547063232,8.40659974500554,0.216404768520437,1.63356307224393,1.64769355002109,0.0424153346300056
0.49,0.25,"0.5",0.5,40.2536,18.37224,58.62584,14.2106576707183,13.9565019011053,0.355066268391542,2.78528890346078,2.73547437261664,0.0695929886047423
0.49,0.5,"0.5",0.5,44.78068,13.17472,57.9554,12.4625338027808,11.9438079085002,0.603150616899848,2.44265662534504,2.34098635006604,0.11821752091237
0.49,0.75,"0.5",0.5,45.66856,11.71172,57.38028,10.7501941578144,9.96877940521802,0.851027615072602,2.10703805493162,1.95388076342273,0.16680141255423
0.49,1,"0.5",0.5,44.64108,12.01216,56.65324,9.64093234696665,8.84738748715567,0.918543369480266,1.88962274000546,1.73408794748251,0.180034500418132
0.53,0.05,"0.5",0.5,18.89424,40.56496,59.4592,8.51564663893423,8.54218472979716,0.210323464206825,1.66906674123111,1.67426820704024,0.0412233989845377
0.53,0.25,"0.5",0.5,40.34768,18.33296,58.68064,14.4862475241489,14.2455045667755,0.342931259713793,2.83930451473318,2.79211889508799,0.0672145269039035
0.53,0.5,"0.5",0.5,45.40192,12.63096,58.03288,12.015501468898,11.4945887188958,0.605224814728904,2.35503828790402,2.25293938890357,0.118624063686865
0.53,0.75,"0.5",0.5,45.82872,11.5958,57.42452,10.7901728485982,10.065719006167,0.801421697341479,2.11487387832525,1.97288092520873,0.15707865267893
0.53,1,"0.5",0.5,45.42208,11.36664,56.78872,9.4698121019406,8.57920334829016,0.976869025266567,1.85608317198036,1.68152385626487,0.191466328952247
0.57,0.05,"0.5",0.5,18.17172,41.3772,59.54892,8.46791298400299,8.48271661269626,0.177965022099594,1.65971094486459,1.66261245608847,0.0348811443315204
0.57,0.25,"0.5",0.5,41.37024,17.37528,58.74552,14.2380900809743,14.0115242309444,0.318443071042455,2.79066565587097,2.74625874926511,0.0624148419243211
0.57,0.5,"0.5",0.5,46.09784,11.88716,57.985,11.8949942775535,11.4481136346703,0.561557250380178,2.33141887840048,2.24383027239537,0.110065221074515
0.57,0.75,"0.5",0.5,45.96412,11.47432,57.43844,10.7046815391277,9.93649149193481,0.829375015029724,2.09811758166903,1.94755233241922,0.162557502945826
0.57,1,"0.5",0.5,45.74424,11.07172,56.81596,9.19477683650513,8.27388633426416,1.01429914022372,1.80217625995501,1.62168172151578,0.19880263148385
0.61,0.05,"0.5",0.5,19.04032,40.46592,59.50624,8.8703182033047,8.89498806976221,0.199811078448387,1.73858236784772,1.74341766167339,0.0391629713758838
0.61,0.25,"0.5",0.5,41.73048,16.99004,58.72052,14.3140481257774,14.0530440024842,0.361805865685514,2.80555343265236,2.75439662448691,0.0709139496743608
0.61,0.5,"0.5",0.5,45.18236,12.84904,58.0314,12.3493202737084,11.8343026371424,0.600951803980212,2.42046677364685,2.3195233168799,0.117786553580121
0.61,0.75,"0.5",0.5,46.52828,10.91388,57.44216,10.543087486073,9.82447132181327,0.784861497400025,2.06644514727032,1.9255963790754,0.153832853490405
0.61,1,"0.5",0.5,45.85056,11.05188,56.90244,9.41989223846231,8.5368510827879,0.947989838414618,1.84629887873861,1.67322281222643,0.185806008329265
0.65,0.05,"0.5",0.5,19.75944,39.71976,59.4792,8.95058051085024,8.97675469594169,0.20766951211631,1.75431378012665,1.75944392040457,0.0407032243747967
0.65,0.25,"0.5",0.5,41.743,17.0028,58.7458,13.9583239232895,13.7199510379902,0.337762752191055,2.73583148896473,2.68911040344608,0.0662014994294468
0.65,0.5,"0.5",0.5,45.90288,12.16256,58.06544,12.2303419224897,11.6876317881145,0.62440973856608,2.39714701680799,2.29077583047045,0.122384308758952
0.65,0.75,"0.5",0.5,46.66848,10.82896,57.49744,10.3801970169505,9.62229673534496,0.861008761437842,2.03451861532229,1.88597016012761,0.168757717241817
0.65,1,"0.5",0.5,46.45756,10.4962,56.95376,9.03660347196307,8.13835595290361,0.989512410485614,1.77117428050476,1.59511776676911,0.19394443245518
0.69,0.05,"0.5",0.5,19.90012,39.64592,59.54604,9.19173569004002,9.18698152215867,0.189929488245112,1.80158019524784,1.8006483783431,0.037226179696042
0.69,0.25,"0.5",0.5,42.00456,16.77928,58.78384,14.0205795412719,13.7795424577542,0.344669735640753,2.74803359008929,2.70079032171982,0.0675552681855877
0.69,0.5,"0.5",0.5,45.9926,12.12628,58.11888,12.0666860120387,11.4993159182394,0.639590293102,2.36507045835959,2.25386591997493,0.125359697447992
0.69,0.75,"0.5",0.5,46.93016,10.64444,57.5746,10.0994270291723,9.36509929118412,0.818384192704555,1.97948769771777,1.83555946107209,0.160403301770093
0.69,1,"0.5",0.5,46.10476,10.80404,56.9088,8.98321764036369,8.07670897063672,0.98384017754384,1.76071065751128,1.5830349582448,0.192832674798593
0.73,0.05,"0.5",0.5,19.99912,39.52944,59.52856,9.33571191474713,9.32029828317059,0.217152942425472,1.82979953529044,1.82677846350144,0.0425619767153925
0.73,0.25,"0.5",0.5,42.0782,16.70916,58.78736,14.0017734562159,13.7168861359665,0.355614009336476,2.74434759741831,2.68850968264944,0.0697003458299494
0.73,0.5,"0.5",0.5,46.8352,11.30208,58.13728,11.4539747095262,10.9420258347014,0.591493334918091,2.24497904306713,2.14463706360147,0.115932693643946
0.73,0.75,"0.5",0.5,47.03532,10.52856,57.56388,10.2766615819683,9.48986257664653,0.864217416527984,2.01422567006578,1.86001306502272,0.169386613639485
0.73,1,"0.5",0.5,46.43048,10.593,57.02348,9.29479548134331,8.34011756572418,1.00731572974611,1.82177991434329,1.63466304288194,0.197433883030238
0.77,0.05,"0.5",0.5,20.35852,39.17816,59.53668,9.31622228297815,9.32807968883264,0.203069818316536,1.82597956746372,1.8283036190112,0.0398016843900411
0.77,0.25,"0.5",0.5,42.20436,16.60468,58.80904,14.1079168271728,13.8809831346866,0.338316029412702,2.76515169812586,2.72067269439858,0.0663099417648895
0.77,0.5,"0.5",0.5,46.75004,11.43272,58.18276,11.6981447479435,11.2604963039698,0.534514055148707,2.29283637059693,2.20705727557808,0.104764754809147
0.77,0.75,"0.5",0.5,46.65852,10.9396,57.59812,10.630464347907,9.89535298342948,0.82718975727789,2.08357101218977,1.93948918475218,0.162129192426466
0.77,1,"0.5",0.5,46.14524,10.80684,56.95208,9.07369146212824,8.19886883146423,0.941758678046966,1.77844352657714,1.60697829096699,0.184584700897205
0.81,0.05,"0.5",0.5,20.91464,38.63536,59.55,9.77554776219262,9.76819044842839,0.200014140914228,1.91600736138975,1.91456532789196,0.0392027716191886
0.81,0.25,"0.5",0.5,43.09956,15.70484,58.8044,13.9517912468745,13.6930689808952,0.367835492435069,2.7345510843874,2.68384152025547,0.0720957565172735
0.81,0.5,"0.5",0.5,46.90304,11.27088,58.17392,11.7878724889848,11.2235436393253,0.650850565169777,2.31042300784103,2.19981455330775,0.127566710773276
0.81,0.75,"0.5",0.5,47.23536,10.414,57.64936,10.1206469026281,9.41559547889682,0.798220287055313,1.98364679291512,1.84545671386378,0.156451176262841
0.81,1,"0.5",0.5,46.57156,10.41428,56.98584,9.32142795485626,8.30087583072845,1.09123900223553,1.82699987915183,1.62697166282278,0.213882844438164
0.85,0.05,"0.5",0.5,20.74796,38.83,59.57796,9.54402808457686,9.55449272078404,0.20250032647436,1.87062950457707,1.87268057327367,0.0396900639889746
0.85,0.25,"0.5",0.5,43.365,15.48464,58.84964,13.9300907739216,13.6304312977998,0.417898579354205,2.73029779168864,2.67156453436876,0.0819081215534242
0.85,0.5,"0.5",0.5,47.36468,10.86336,58.22804,11.6536679385427,11.1075171375065,0.61943304021753,2.28411891595437,2.17707335895127,0.121408875882636
0.85,0.75,"0.5",0.5,47.86512,9.81948,57.6846,9.98474338530055,9.20194924725685,0.850042779672134,1.95700970351891,1.80358205246234,0.166608384815738
0.85,1,"0.5",0.5,46.66704,10.42112,57.08816,9.02653465943492,8.07544530251672,1.02973048077169,1.76920079324924,1.58278727929328,0.201827174231252
0.89,0.05,"0.5",0.5,21.2186,38.3424,59.561,9.8335766893359,9.83836220253569,0.179074500607085,1.92738103110984,1.92831899169699,0.0350986021189887
0.89,0.25,"0.5",0.5,43.721,15.10368,58.82468,14.2072397122884,13.9459661181029,0.35217124163444,2.78461898360852,2.73340935914816,0.0690255633603502
0.89,0.5,"0.5",0.5,47.04616,11.13712,58.18328,11.7852584297914,11.2351343878357,0.627030295532163,2.30991065223912,2.20208634001579,0.122897937924304
0.89,0.75,"0.5",0.5,47.39404,10.3072,57.70124,10.4047179429878,9.63073141751776,0.822090696660261,2.0393247168256,1.88762335783348,0.161129776545411
0.89,1,"0.5",0.5,47.05332,10.15464,57.20796,9.13085115671374,8.25095498546206,0.979802081849167,1.78964682671589,1.61718717715056,0.192041208042437
0.93,0.05,"0.5",0.5,21.73652,37.83156,59.56808,10.0267158389349,10.0478279418937,0.208736055845896,1.96523630443124,1.96937427661116,0.0409122669457955
0.93,0.25,"0.5",0.5,43.97812,14.85584,58.83396,14.124205599744,13.8215830392729,0.390159147015676,2.76834429754981,2.70903027569748,0.0764711928150725
0.93,0.5,"0.5",0.5,47.45092,10.7502,58.20112,11.4532357261866,10.9150276076961,0.608562228087272,2.24483420233256,2.13934541110843,0.119278196705105
0.93,0.75,"0.5",0.5,47.9252,9.8396,57.7648,10.0440125508291,9.21503192691927,0.891847520599794,1.9686264599625,1.80614625767618,0.17480211403756
0.93,1,"0.5",0.5,47.11904,10.05824,57.17728,9.09048411987708,8.12555766057651,1.04015552527864,1.78173488749591,1.592609301473,0.203870482954613
0.97,0.05,"0.5",0.5,22.13436,37.42244,59.5568,10.0151466395917,10.009357527208,0.220472953516578,1.96296874135998,1.96183407533276,0.0432126988892493
0.97,0.25,"0.5",0.5,44.16184,14.70244,58.86428,13.9561205737515,13.7148494133442,0.326851032698013,2.7353996324553,2.68811048501546,0.0640628024088105
0.97,0.5,"0.5",0.5,48.03344,10.2756,58.30904,11.2490720571912,10.7294162850633,0.593376401569353,2.20481812320947,2.10296559187241,0.116301774707593
0.97,0.75,"0.5",0.5,48.01952,9.75748,57.777,10.2361185080433,9.4547406167969,0.856217922793684,2.00627922757649,1.85312916089219,0.167818712867562
0.97,1,"0.5",0.5,47.43196,9.87816,57.31012,9.40632501572289,8.41608619266843,1.0741397994148,1.84363970308169,1.64955289376301,0.210531400685301
0.01,0.05,"1",0.5,8.5112,51.067,59.5782,3.68208597005951,3.75252006367492,0.216386018704788,0.721688850131664,0.735493932480284,0.0424116596661385
0.01,0.25,"1",0.5,23.91328,34.83584,58.74912,10.6368435339274,10.7665032342601,0.260667723783022,2.08482133264976,2.11023463391498,0.0510908738614724
0.01,0.5,"1",0.5,33.51648,24.4876,58.00408,13.1242562236432,13.1052841281984,0.305067757997624,2.57235421983408,2.56863568912688,0.0597932805675342
0.01,0.75,"1",0.5,37.11888,20.322,57.44088,13.2541320664138,13.1231745174002,0.378478647303446,2.59780988501711,2.57214220541043,0.0741818148714755
0.01,1,"1",0.5,38.87856,18.10496,56.98352,12.4085104261698,12.143270657488,0.425470398737704,2.43206804352927,2.38008104886766,0.0833921981525899
0.05,0.05,"1",0.5,8.6468,50.98864,59.63544,3.59321954056062,3.66860936832661,0.239131100512509,0.704271029949881,0.719047436192015,0.0468696957004517
0.05,0.25,"1",0.5,25.03132,33.75368,58.785,11.0528708907174,11.1345361887683,0.260752214126202,2.16636269458062,2.18236909299858,0.0511074339687356
0.05,0.5,"1",0.5,34.90728,23.1592,58.06648,13.4925659427252,13.4615410107401,0.274469938373416,2.64454292477414,2.63846203810507,0.0537961079211896
0.05,0.75,"1",0.5,37.79784,19.71344,57.51128,13.2776210406606,13.0986334458171,0.369069758263457,2.60241372396948,2.56733215538015,0.0723376726196376
0.05,1,"1",0.5,38.9346,18.09468,57.02928,12.2797123169013,11.9949889073089,0.423165895782653,2.40682361411266,2.35101782583255,0.0829405155734
0.09,0.05,"1",0.5,9.00772,50.61484,59.62256,3.91465495229855,3.99747812602906,0.221718919336892,0.767272370650516,0.783505712701696,0.0434569081900308
0.09,0.25,"1",0.5,25.41724,33.40444,58.82168,11.1256188506755,11.2148248047129,0.261954228402173,2.18062129473239,2.19810566172373,0.0513430287668259
0.09,0.5,"1",0.5,35.27028,22.84768,58.11796,13.4572404844441,13.3521343891174,0.266793603121714,2.63761913495105,2.617018340267,0.0522915462118559
0.09,0.75,"1",0.5,38.81456,18.8198,57.63436,13.3618508791094,13.1712730983115,0.35316524074819,2.61892277230543,2.58156952726905,0.0692203871866453
0.09,1,"1",0.5,39.60252,17.51124,57.11376,12.3706500441467,12.0619497855316,0.451085091750991,2.42464740865276,2.3641421579642,0.0884126779831943
0.13,0.05,"1",0.5,9.19548,50.39952,59.595,3.91615282891181,3.96744853124534,0.2038683472987,0.767565954466714,0.777619912124087,0.0399581960705451
0.13,0.25,"1",0.5,25.755,33.09932,58.85432,11.3475411175347,11.4425613302073,0.274291700511876,2.22411805903681,2.24274202072063,0.0537611733003277
0.13,0.5,"1",0.5,35.65724,22.53512,58.19236,13.4086379720332,13.285443615712,0.280775316190398,2.62809304251851,2.60394694867955,0.0550319619733181
0.13,0.75,"1",0.5,38.54688,19.25384,57.80072,13.5149292036397,13.2692746810065,0.391267664718854,2.64892612391339,2.60077783747727,0.0766884622848954
0.13,1,"1",0.5,40.67724,16.6032,57.28044,12.8047740679684,12.3800420684326,0.556308727600098,2.50973571732182,2.42648824541279,0.109036510609619
0.17,0.05,"1",0.5,9.26376,50.35232,59.61608,4.11850889247234,4.20730634064604,0.234583304752676,0.807227742924579,0.824632042766625,0.0459783277315245
0.17,0.25,"1",0.5,27.06032,31.82396,58.88428,11.5998626488559,11.6600053363122,0.241235376067994,2.27357307917576,2.28536104591719,0.0472821337093269
0.17,0.5,"1",0.5,36.11888,22.2036,58.32248,13.9849188043854,13.8296230672357,0.305521857903106,2.74104408565954,2.7106061211782,0.0598822841490087
0.17,0.75,"1",0.5,39.83412,17.99472,57.82884,13.1791554482406,12.8780269130536,0.393670854671999,2.58311446785515,2.52409327495851,0.0771594875157119
0.17,1,"1",0.5,41.75316,15.58944,57.3426,12.7955370539651,12.3654413771167,0.553092864871458,2.50792526257716,2.42362650991487,0.108406201514806
0.21,0.05,"1",0.5,9.64576,49.9626,59.60836,4.14877223440011,4.19270590767858,0.20630160915367,0.813159357942422,0.821770357905001,0.0404351153941194
0.21,0.25,"1",0.5,27.45852,31.46416,58.92268,11.9337670841096,11.966729851036,0.251336985746309,2.33901834848548,2.34547905080306,0.0492620492062766
0.21,0.5,"1",0.5,36.00792,22.3202,58.32812,13.8049838809443,13.6562873269258,0.322256415879897,2.70577684066508,2.67663231607747,0.0631622575124598
0.21,0.75,"1",0.5,40.1588,17.72816,57.88696,13.1135114097998,12.8055832383828,0.400157391257212,2.57024823632076,2.50989431472304,0.0784308486864136
0.21,1,"1",0.5,41.92252,15.56844,57.49096,12.5137932613367,12.0542294101751,0.566299808521347,2.45270347922199,2.36262896439433,0.110994762470184
0.25,0.05,"1",0.5,9.82684,49.83316,59.66,4.33492592813583,4.40661215920078,0.213806293904392,0.849645481914622,0.863695983203353,0.0419060336052609
0.25,0.25,"1",0.5,27.66504,31.30072,58.96576,12.0922362887528,12.1051624933957,0.228932927410028,2.37007831259555,2.37261184870557,0.0448708537723654
0.25,0.5,"1",0.5,37.10516,21.21296,58.31812,14.2087236972733,14.0294133284973,0.337068265723096,2.78490984466556,2.74976501238547,0.0660653800817268
0.25,0.75,"1",0.5,41.15588,16.74476,57.90064,13.6704860112373,13.3894197663376,0.40047435307988,2.67941525820251,2.62432627420217,0.0784929732036565
0.25,1,"1",0.5,42.82284,14.713,57.53584,12.1286818562489,11.7349545350374,0.513504078647754,2.37722164382478,2.30005108886732,0.10064679941496
0.29,0.05,"1",0.5,10.23572,49.41872,59.65444,4.47165265830941,4.50011458009009,0.196465655877546,0.876443921028645,0.882022457697657,0.0385072685519989
0.29,0.25,"1",0.5,28.87816,30.05816,58.93632,12.5818395651363,12.6067035484293,0.252442247820859,2.46604055476671,2.47091389549214,0.0494786805728885
0.29,0.5,"1",0.5,37.52252,20.8714,58.39392,14.1059014703962,13.9008760003015,0.359930624067214,2.76475668819765,2.72457169605909,0.0705464023171739
0.29,0.75,"1",0.5,40.68172,17.27336,57.95508,13.3533198959675,13.0016415587658,0.464529080104385,2.61725069960962,2.5483217455181,0.0910476997004594
0.29,1,"1",0.5,42.83788,14.76124,57.59912,12.5486145070307,12.0833280544356,0.580563733005092,2.45952844337801,2.36833229866938,0.113790491668998
0.33,0.05,"1",0.5,10.49944,49.12272,59.62216,4.47864211095057,4.53736903716173,0.222991539450865,0.877813853746312,0.889324331283698,0.0437063417323695
0.33,0.25,"1",0.5,29.56244,29.35324,58.91568,12.4594843792335,12.452309174615,0.259339132131164,2.44205893832977,2.44065259822455,0.0508304698977081
0.33,0.5,"1",0.5,37.86392,20.5426,58.40652,14.0425679999756,13.8112340322996,0.336207081448565,2.75234332799522,2.70700187033071,0.0658965879639187
0.33,0.75,"1",0.5,42.1048,15.9338,58.0386,13.8922972335119,13.5412374872782,0.486683561350585,2.72289025776833,2.65408254750653,0.0953899780247147
0.33,1,"1",0.5,42.99464,14.64156,57.6362,12.3597085542443,11.8577162281731,0.591393184767883,2.42250287663187,2.32411238072192,0.115913064214505
0.37,0.05,"1",0.5,10.68308,48.95344,59.63652,4.80467314117572,4.8269063566804,0.200737754447454,0.941715935670441,0.946073645909358,0.0393445998717009
0.37,0.25,"1",0.5,29.7748,29.2302,59.005,12.495893369868,12.4763991098183,0.267860584874469,2.44919510049413,2.44537422552439,0.052500674635396
0.37,0.5,"1",0.5,38.62036,19.84356,58.46392,13.9741068614835,13.8136638066822,0.315117283921816,2.73892494485078,2.7074781061097,0.061762987648676
0.37,0.75,"1",0.5,42.07724,15.9852,58.06244,13.2504756225823,12.8760720342154,0.478632697368138,2.59709322202612,2.52371011870621,0.093812008684155
0.37,1,"1",0.5,43.72604,13.90468,57.63072,12.3691978786015,11.8585978704112,0.584488761848569,2.4243627842059,2.3242851826006,0.11455979732232
0.41,0.05,"1",0.5,10.67288,48.97748,59.65036,4.86059332388568,4.90484658782525,0.229405975105578,0.952676291481593,0.961349931213749,0.0449635711206934
0.41,0.25,"1",0.5,30.02264,28.93944,58.96208,12.6780516263663,12.6147987107015,0.217524348108901,2.48489811876779,2.47250054729749,0.0426347722293445
0.41,0.5,"1",0.5,39.077,19.39712,58.47412,14.2444204962058,14.0177159029911,0.349639216070139,2.79190641725633,2.74747231698626,0.0685292863497473
0.41,0.75,"1",0.5,42.6732,15.43464,58.10784,13.2945697671241,12.8737036146549,0.509109873239857,2.60573567435632,2.52324590847237,0.099785535155012
0.41,1,"1",0.5,43.97544,13.74244,57.71788,12.2493859044757,11.7611798885189,0.584757625349205,2.40087963727723,2.3051912581497,0.114612494568444
0.45,0.05,"1",0.5,11.02744,48.62644,59.65388,4.86282967113851,4.89122520504471,0.216491364047323,0.953114615543148,0.958680140188763,0.0424323073532753
0.45,0.25,"1",0.5,30.3392,28.66256,59.00176,12.8043454366323,12.7968143449924,0.24201198400914,2.50965170557993,2.5081756116185,0.0474343488657914
0.45,0.5,"1",0.5,39.82416,18.73924,58.5634,14.2883972698059,14.0281988758142,0.370747484104339,2.80052586488197,2.74952697965958,0.0726665068844504
0.45,0.75,"1",0.5,42.95588,15.18092,58.1368,13.2762681315423,12.8725912672208,0.494101940162885,2.60214855378229,2.52302788837528,0.0968439802719254
0.45,1,"1",0.5,44.141,13.61976,57.76076,12.2675516594458,11.7690403899126,0.59951514281513,2.40444012525138,2.30673191642287,0.117504967991766
0.49,0.05,"1",0.5,11.15536,48.49552,59.65088,4.97986454628978,5.01846537064506,0.208564176592184,0.976053451072797,0.983619212646431,0.0408785786120681
0.49,0.25,"1",0.5,31.15636,27.9258,59.08216,12.9701054515623,12.9523613150793,0.248173559340143,2.54214066850621,2.53866281775555,0.048642017630668
0.49,0.5,"1",0.5,40.49076,18.06408,58.55484,14.3110662352706,14.0647471788744,0.337231171498577,2.80496898211304,2.75669044705939,0.0660973096137211
0.49,0.75,"1",0.5,42.94336,15.25308,58.19644,13.2304420042063,12.8045121574192,0.491205861512094,2.59316663282444,2.50968438285415,0.0962763488563704
0.49,1,"1",0.5,44.31812,13.45132,57.76944,12.2414851076992,11.694854675299,0.638625928984814,2.39933108110903,2.29219151635861,0.125170682081024
0.53,0.05,"1",0.5,11.31812,48.37368,59.6918,4.92706902707642,4.95827591997318,0.227314137641541,0.965705529306978,0.971822080314743,0.0445535709777419
0.53,0.25,"1",0.5,31.41784,27.61524,59.03308,13.2733653552115,13.2289174367323,0.242361349720585,2.60157960962146,2.59286781759952,0.0475028245452347
0.53,0.5,"1",0.5,40.01832,18.5626,58.58092,14.1341413740423,13.9278023921489,0.337918455288021,2.77029170931229,2.72984926886118,0.0662320172364522
0.53,0.75,"1",0.5,43.74012,14.45036,58.19048,13.0450519241062,12.6696295111538,0.472994938363162,2.55683017712481,2.48324738418614,0.0927070079191798
0.53,1,"1",0.5,44.63908,13.18636,57.82544,12.4209981460038,11.9062061344307,0.608861038366231,2.43451563661675,2.33361640234842,0.119336763519781
0.57,0.05,"1",0.5,11.79588,47.86268,59.65856,5.27287785505633,5.27358192893712,0.199943846662461,1.03348405959104,1.03362205807167,0.0391889939458424
0.57,0.25,"1",0.5,32.436,26.62416,59.06016,13.4002038639701,13.3429484715162,0.249177990824052,2.62643995733814,2.61521790041717,0.0488388862015141
0.57,0.5,"1",0.5,41.03068,17.57128,58.60196,14.1333171875837,13.8853391457874,0.348870614203239,2.7701301687664,2.72152647257433,0.0683786403838349
0.57,0.75,"1",0.5,43.91504,14.31976,58.2348,13.0726022526102,12.6738424563541,0.495007968510497,2.5622300415116,2.48407312144541,0.0970215618280574
0.57,1,"1",0.5,44.96068,12.9096,57.87028,12.4388095835639,11.8526311957568,0.65962419787652,2.43800667837853,2.32311571436832,0.129286342783798
0.61,0.05,"1",0.5,11.88092,47.82848,59.7094,5.38044482724151,5.41501180964417,0.199746404880354,1.05456718613934,1.06134231469026,0.0391502953565494
0.61,0.25,"1",0.5,32.66088,26.40892,59.0698,13.5389524991165,13.4792535818883,0.223027742080158,2.65363468982684,2.64193370205011,0.0437134374477111
0.61,0.5,"1",0.5,41.261,17.37488,58.63588,14.3582093970979,14.1181388086319,0.358810810282741,2.81420904183118,2.76715520649185,0.0703269188154173
0.61,0.75,"1",0.5,44.78548,13.51312,58.2986,12.8681620441124,12.4541245492602,0.499808246058708,2.52215976064603,2.44100841165499,0.0979624162275068
0.61,1,"1",0.5,45.57584,12.34432,57.92016,11.8805861695338,11.3856257373901,0.570621612495062,2.32859488922862,2.23158264452845,0.111841836049032
0.65,0.05,"1",0.5,12.05244,47.5866,59.63904,5.20688299383759,5.24126786650757,0.214862790137936,1.02054906679217,1.02728850183548,0.0421131068670354
0.65,0.25,"1",0.5,32.79956,26.34768,59.14724,13.496301672486,13.3945910105912,0.245201344600594,2.64527512780725,2.62533983807587,0.0480594635417164
0.65,0.5,"1",0.5,42.1078,16.60204,58.70984,14.2654965294701,14.0154681243924,0.353877645921339,2.79603731977614,2.7470317523809,0.0693600186005824
0.65,0.75,"1",0.5,44.51164,13.8016,58.31324,13.2097271793145,12.7529806474384,0.546176778279079,2.58910652714563,2.49958420689793,0.107050648542699
0.65,1,"1",0.5,45.33464,12.60204,57.93668,12.1526140277504,11.5835286540498,0.647618307588067,2.38191234943907,2.27037161619375,0.126933188287261
0.69,0.05,"1",0.5,12.37848,47.30288,59.68136,5.68657359773214,5.69398784343733,0.220658496598732,1.1145684251555,1.11602161731372,0.0432490653333514
0.69,0.25,"1",0.5,33.25764,25.84228,59.09992,13.7741553580859,13.7072254956827,0.257618607772628,2.69973445018484,2.68661619715382,0.0504932471234351
0.69,0.5,"1",0.5,42.04936,16.62756,58.67692,14.4725203095907,14.1798907934989,0.412129960869705,2.83661398067978,2.77925859552579,0.0807774723304623
0.69,0.75,"1",0.5,44.86424,13.45792,58.32216,12.9656263858782,12.5321080185049,0.504054324473267,2.54126277163213,2.45629317162696,0.0987946475967604
0.69,1,"1",0.5,46.24564,11.78136,58.027,11.6802829368664,11.1429694204666,0.600896401094635,2.28933545562582,2.18402200641146,0.117775694614548
0.73,0.05,"1",0.5,12.48652,47.19624,59.68276,5.68287315737632,5.73064926094061,0.203787724771825,1.11384313884576,1.12320725514436,0.0399423940552777
0.73,0.25,"1",0.5,33.6742,25.50884,59.18304,13.6240117721498,13.502313484314,0.244611665851625,2.67030630734136,2.64645344292554,0.0479438865069186
0.73,0.5,"1",0.5,42.16716,16.47948,58.64664,14.0853879532061,13.7841396623772,0.392899491607014,2.76073603882839,2.70169137382592,0.0770083003549747
0.73,0.75,"1",0.5,45.31804,13.06944,58.38748,12.8370281654126,12.3835513780877,0.531883075174014,2.51605752042087,2.42717607010519,0.104249082734107
0.73,1,"1",0.5,46.03692,11.97052,58.00744,12.0396314834035,11.4757381686211,0.670417574080784,2.35976777074709,2.24924468104974,0.131401844519834
0.77,0.05,"1",0.5,12.8038,46.89256,59.69636,5.80280858157009,5.8341600527939,0.229325648215137,1.13735048198774,1.14349537034761,0.0449478270501669
0.77,0.25,"1",0.5,33.49944,25.62804,59.12748,13.562014844142,13.4793653358372,0.242000854827774,2.65815490945183,2.64195560582409,0.0474321675462438
0.77,0.5,"1",0.5,42.32956,16.40348,58.73304,14.0694622744913,13.7857070371725,0.388815188629625,2.75761460580029,2.70199857928581,0.0762077769714064
0.77,0.75,"1",0.5,45.18636,13.18904,58.3754,12.9235234160523,12.5403433087541,0.466146333290742,2.53301058954625,2.45790728851581,0.0913646813249855
0.77,1,"1",0.5,45.9632,12.04648,58.00968,11.851193944029,11.3034092760646,0.646600853883155,2.32283401302969,2.21546821810865,0.126733767361098
0.81,0.05,"1",0.5,12.98076,46.73156,59.71232,5.93287428105025,5.95008959497946,0.209661337312429,1.16284335908585,1.16621756061597,0.0410936221132362
0.81,0.25,"1",0.5,34.48292,24.70936,59.19228,14.2803795875758,14.1704620395577,0.240108564670823,2.79895439916486,2.77741055975331,0.0470612786754813
0.81,0.5,"1",0.5,43.12756,15.6718,58.79936,14.0515829959949,13.744900658099,0.380188032160377,2.754110267215,2.6940005289874,0.0745168543034339
0.81,0.75,"1",0.5,45.86352,12.5048,58.36832,12.6957553619986,12.2628040822479,0.507175400098079,2.48836805095173,2.40350960012059,0.0994063784192235
0.81,1,"1",0.5,46.19604,11.85104,58.04708,11.9029097944218,11.3190471972216,0.674506114565212,2.33297031970666,2.21853325065543,0.132203198454781
0.85,0.05,"1",0.5,13.10968,46.61692,59.7266,5.88083029058539,5.88188015992825,0.230089222922436,1.15264273695474,1.15284851134594,0.0450974876927975
0.85,0.25,"1",0.5,34.86336,24.32824,59.1916,13.7122589784956,13.5871720704167,0.245550957496143,2.68760275978514,2.66308572580167,0.0481279876692441
0.85,0.5,"1",0.5,43.18404,15.54648,58.73052,13.6822127632702,13.4399270895088,0.368028393722357,2.68171370160096,2.63422570954373,0.072133565169582
0.85,0.75,"1",0.5,46.27012,12.14788,58.418,12.6967332403006,12.2192828364008,0.55286581198389,2.48855971509891,2.39497943593456,0.108361699148842
0.85,1,"1",0.5,46.80396,11.22996,58.03392,11.6297633698536,11.0200199012818,0.692190078407994,2.2794336204913,2.15992390065123,0.135669255367967
0.89,0.05,"1",0.5,13.10608,46.582,59.68808,5.90979424632866,5.87179675149856,0.22850306365782,1.15831967228042,1.15087216329372,0.0447866004769328
0.89,0.25,"1",0.5,34.9052,24.28668,59.19188,14.0986696413728,13.9748866017914,0.27727706597036,2.76333924970906,2.73907777395112,0.0543463049301905
0.89,0.5,"1",0.5,43.31064,15.46304,58.77368,13.9113451698514,13.6202265410193,0.403574004829024,2.72662365329087,2.66956440203978,0.0791005049464887
0.89,0.75,"1",0.5,45.87716,12.56688,58.44404,12.809717766878,12.3453898165602,0.558134409068155,2.51070468230809,2.4196964040458,0.109394344177358
0.89,1,"1",0.5,47.06724,11.02212,58.08936,11.7546381467921,11.1783193106888,0.657952556086384,2.30390907677125,2.190950584895,0.128958700992931
0.93,0.05,"1",0.5,13.53928,46.1548,59.69408,6.02576146004248,6.01505353343601,0.189406285561227,1.18104924616833,1.17895049255346,0.0371236319700004
0.93,0.25,"1",0.5,35.29744,23.92664,59.22408,13.9153353442825,13.7830012502739,0.252859512238106,2.72740572747937,2.70146824505367,0.0495604643986688
0.93,0.5,"1",0.5,43.24684,15.55716,58.804,14.1821493639082,13.8769199888946,0.404931219998277,2.77970127532601,2.71987631782334,0.0793665191196623
0.93,0.75,"1",0.5,46.35168,12.1216,58.47328,12.7482087019584,12.2828532466519,0.538498587638713,2.49864890558384,2.40743923634378,0.105545723177188
0.93,1,"1",0.5,46.89032,11.2444,58.13472,11.5705387797691,11.0635063833736,0.585047318814919,2.26782560083475,2.16844725114124,0.114669274487724
0.97,0.05,"1",0.5,13.70712,45.99656,59.70368,6.32669663319531,6.30986142465774,0.198094094568794,1.24003254010628,1.23673283923292,0.0388264425354836
0.97,0.25,"1",0.5,35.83188,23.42284,59.25472,14.0597751719024,13.940885878783,0.262277133096758,2.75571593369288,2.73241363224148,0.0514063180869645
0.97,0.5,"1",0.5,43.90648,14.9118,58.81828,13.8979468147731,13.628470536774,0.34599200317728,2.72399757569553,2.67118022520771,0.0678144326227468
0.97,0.75,"1",0.5,46.72784,11.76116,58.489,12.7671246367102,12.3684811188061,0.489890484566385,2.5023564287952,2.42422229928599,0.0960185349750114
0.97,1,"1",0.5,47.51192,10.68788,58.1998,11.3789128234661,10.7977759094878,0.661892084340893,2.23026691339935,2.11636407825961,0.129730848530815
0.01,0.05,"1.5",0.5,6.6972,52.98256,59.67976,2.730678948,2.783270166,0.229380418,0.535213074,0.545520952,0.044958562
0.01,0.25,"1.5",0.5,19.21136,39.78576,58.99712,8.531777521,8.595590902,0.276541958,2.364888074,2.382576241,0.07665352
0.01,0.5,"1.5",0.5,27.85804,30.56276,58.4208,11.98788607,12.07545667,0.240768467,2.349625669,2.366789507,0.047190619
0.01,0.75,"1.5",0.5,33.09384,24.83572,57.92956,12.93888664,12.89640624,0.302245279,2.536021781,2.527695624,0.059240075
0.01,1,"1.5",0.5,35.30816,22.20684,57.515,13.07343765,12.95623324,0.364351867,2.56239378,2.539421715,0.071412966
0.05,0.05,"1.5",0.5,6.74216,52.95376,59.69592,2.586287721,2.674408599,0.205604685,0.506912393,0.524184085,0.040298518
0.05,0.25,"1.5",0.5,19.4724,39.5488,59.0212,8.66902661,8.788253533,0.249052736,2.402931581,2.435979598,0.069033896
0.05,0.5,"1.5",0.5,29.26632,29.17304,58.43936,12.07346889,12.19032462,0.253068902,2.366399903,2.389303626,0.049601505
0.05,0.75,"1.5",0.5,34.16336,23.87564,58.039,13.04989204,12.96226317,0.320384302,2.557778839,2.54060358,0.062795323
0.05,1,"1.5",0.5,36.6902,20.87376,57.56396,13.35157602,13.15743709,0.346411792,2.6169089,2.57885767,0.067896711
0.09,0.05,"1.5",0.5,6.75524,52.92168,59.67692,2.56389506,2.620199279,0.198903544,0.502523432,0.513559059,0.038985095
0.09,0.25,"1.5",0.5,20.1028,38.98464,59.08744,9.344397785,9.492342653,0.279184831,2.59013492,2.631143145,0.077386087
0.09,0.5,"1.5",0.5,30.18332,28.2382,58.42152,12.99872022,13.04368755,0.23612411,2.547749164,2.556562761,0.046280326
0.09,0.75,"1.5",0.5,34.85588,23.18612,58.042,13.08037855,12.96597927,0.330442006,2.563754196,2.541331937,0.064766633
0.09,1,"1.5",0.5,37.27592,20.42512,57.70104,13.36671803,13.23070102,0.345753398,2.619876735,2.593217401,0.067767666
0.13,0.05,"1.5",0.5,7.15604,52.56124,59.71728,2.923045347,2.953914886,0.193529163,0.572916888,0.578967318,0.037931716
0.13,0.25,"1.5",0.5,20.94296,38.11744,59.0604,9.640721653,9.748266475,0.230926793,2.672271705,2.702081609,0.064009641
0.13,0.5,"1.5",0.5,30.39352,28.1376,58.53112,12.59928561,12.55675211,0.249110307,2.469459979,2.461123414,0.04882562
0.13,0.75,"1.5",0.5,35.84452,22.27992,58.12444,13.31519091,13.24433115,0.301110615,2.609777419,2.595888906,0.059017681
0.13,1,"1.5",0.5,38.01308,19.7316,57.74468,13.30632017,13.05536031,0.400433323,2.608038754,2.558850621,0.078484931
0.17,0.05,"1.5",0.5,7.1862,52.49748,59.68368,2.76532681,2.8378454,0.212983562,0.542004055,0.556217698,0.041744778
0.17,0.25,"1.5",0.5,21.30576,37.82128,59.12704,9.804336539,9.872728959,0.231101088,2.717623438,2.73658085,0.064057953
0.17,0.5,"1.5",0.5,30.70876,27.9276,58.63636,12.7342177,12.72795168,0.225429848,2.49590667,2.494678529,0.04418425
0.17,0.75,"1.5",0.5,35.43452,22.76036,58.19488,13.53799762,13.45244611,0.253241502,2.653447533,2.636679438,0.049635334
0.17,1,"1.5",0.5,38.44976,19.36008,57.80984,13.4834548,13.26744816,0.326603294,2.642757141,2.60041984,0.064014246
0.21,0.05,"1.5",0.5,7.44076,52.24384,59.6846,2.953354139,3.037589683,0.216614446,0.578857411,0.595367578,0.042456431
0.21,0.25,"1.5",0.5,21.246,37.90208,59.14808,9.727219331,9.756666886,0.243359467,2.696247638,2.704410084,0.067455803
0.21,0.5,"1.5",0.5,31.5924,26.99012,58.58252,12.97859958,12.93501299,0.251084536,2.543805517,2.535262547,0.049212569
0.21,0.75,"1.5",0.5,36.6894,21.52968,58.21908,13.95385407,13.81486276,0.324977379,2.734955397,2.707713101,0.063695566
0.21,1,"1.5",0.5,39.17552,18.68616,57.86168,13.58488943,13.33183618,0.374082011,2.662638329,2.61303989,0.073320074
0.25,0.05,"1.5",0.5,7.4288,52.2448,59.6736,2.878191071,2.918162754,0.218927413,0.56412545,0.5719599,0.042909773
0.25,0.25,"1.5",0.5,22.70768,36.37656,59.08424,10.16653191,10.25453414,0.230126723,2.818018874,2.842411846,0.063787873
0.25,0.5,"1.5",0.5,32.19204,26.41452,58.60656,12.75234385,12.69249202,0.241315265,2.499459395,2.487728436,0.047297792
0.25,0.75,"1.5",0.5,36.88848,21.40712,58.2956,13.57250358,13.38899373,0.332106105,2.660210702,2.624242771,0.065092796
0.25,1,"1.5",0.5,39.33584,18.54312,57.87896,13.63564486,13.32102907,0.431610981,2.672586393,2.610921698,0.084595752
0.29,0.05,"1.5",0.5,7.69308,52.00888,59.70196,3.080164123,3.102321455,0.211151337,0.603712168,0.608055005,0.041385662
0.29,0.25,"1.5",0.5,22.7456,36.42848,59.17408,10.08055735,10.11741655,0.260210577,2.794187942,2.804404789,0.072126692
0.29,0.5,"1.5",0.5,32.86712,25.89228,58.7594,13.35788485,13.24886755,0.276491365,2.61814543,2.59677804,0.054192307
0.29,0.75,"1.5",0.5,37.34768,20.95924,58.30692,13.90621995,13.73510167,0.34235116,2.72561911,2.692079926,0.067100827
0.29,1,"1.5",0.5,40.4068,17.57216,57.97896,13.4516487,13.19750802,0.40062562,2.636523145,2.586711572,0.078522621
0.33,0.05,"1.5",0.5,7.6178,52.08696,59.70476,3.125244666,3.168173172,0.216873427,0.612547955,0.620961942,0.042507192
0.33,0.25,"1.5",0.5,22.64216,36.48256,59.12472,10.27103878,10.31772855,0.212095766,2.846986698,2.859928443,0.058789947
0.33,0.5,"1.5",0.5,33.18192,25.51232,58.69424,13.42578295,13.30086851,0.267424571,2.631453458,2.606970228,0.052415216
0.33,0.75,"1.5",0.5,38.07684,20.2762,58.35304,13.59547859,13.36543248,0.348334273,2.664713803,2.619624766,0.068273518
0.33,1,"1.5",0.5,40.22184,17.78724,58.00908,13.6820396,13.34225164,0.452817837,2.681679761,2.615081322,0.088752296
0.37,0.05,"1.5",0.5,8.03984,51.6764,59.71624,3.344091049,3.397258146,0.21173631,0.655441846,0.665862597,0.041500317
0.37,0.25,"1.5",0.5,23.7808,35.44608,59.22688,10.60629718,10.60035882,0.210419274,2.939915587,2.938269556,0.058325247
0.37,0.5,"1.5",0.5,34.1326,24.59932,58.73192,13.77522873,13.67267916,0.26284595,2.699944831,2.679845115,0.051517806
0.37,0.75,"1.5",0.5,38.39312,20.036,58.42912,13.73207028,13.55081018,0.34189399,2.691485775,2.655958794,0.067011222
0.37,1,"1.5",0.5,41.06756,17.0134,58.08096,13.90004719,13.57323236,0.434317808,2.724409249,2.660353542,0.08512629
0.41,0.05,"1.5",0.5,8.23648,51.47992,59.7164,3.445357317,3.455881217,0.234022187,0.675290034,0.677352718,0.045868349
0.41,0.25,"1.5",0.5,23.88864,35.29936,59.188,10.84983265,10.83131793,0.254100093,3.007420174,3.002288156,0.070432952
0.41,0.5,"1.5",0.5,34.19412,24.5968,58.79092,13.9653932,13.84953777,0.281225517,2.737217068,2.714509402,0.055120201
0.41,0.75,"1.5",0.5,39.4292,19.023,58.4522,14.12077566,13.86130428,0.379062693,2.76767203,2.716815639,0.074296288
0.41,1,"1.5",0.5,41.46916,16.68428,58.15344,13.57125115,13.26129784,0.419031117,2.659965226,2.599214376,0.082130099
0.45,0.05,"1.5",0.5,8.0292,51.67416,59.70336,3.42682214,3.441766256,0.201453883,0.671657139,0.674586186,0.039484961
0.45,0.25,"1.5",0.5,24.40216,34.86496,59.26712,10.94184411,10.9248709,0.27931729,3.032924449,3.028219718,0.077422803
0.45,0.5,"1.5",0.5,35.13528,23.6508,58.78608,13.76940542,13.61281871,0.277418099,2.698803463,2.668112466,0.054373947
0.45,0.75,"1.5",0.5,39.49904,18.95104,58.45008,13.86153974,13.61752865,0.346474296,2.716861789,2.669035615,0.067908962
0.45,1,"1.5",0.5,41.94108,16.18752,58.1286,13.44728028,13.1149539,0.437086174,2.635666934,2.570530964,0.08566889
0.49,0.05,"1.5",0.5,8.67692,51.041,59.71792,3.786407326,3.844149247,0.197990291,0.742135836,0.753453252,0.038806097
0.49,0.25,"1.5",0.5,24.8064,34.448,59.2544,11.0583577,11.08726045,0.224026238,3.065220371,3.073231804,0.062096905
0.49,0.5,"1.5",0.5,35.07888,23.75064,58.82952,13.80340441,13.6589007,0.27614359,2.705467265,2.677144538,0.054124144
0.49,0.75,"1.5",0.5,39.83368,18.71792,58.5516,13.98463589,13.72835232,0.358983301,2.740988634,2.690757055,0.070360727
0.49,1,"1.5",0.5,42.208,15.94256,58.15056,13.64146204,13.30477906,0.444979907,2.67372656,2.607736695,0.087216062
0.53,0.05,"1.5",0.5,8.6054,51.13404,59.73944,3.667435308,3.695783871,0.202473608,0.71881732,0.724373639,0.039684827
0.53,0.25,"1.5",0.5,25.36416,33.9372,59.30136,11.51925862,11.53637089,0.236606774,3.192975587,3.197718865,0.065584052
0.53,0.5,"1.5",0.5,35.37708,23.48168,58.85876,13.69939098,13.58392249,0.25292132,2.685080632,2.662448808,0.049572579
0.53,0.75,"1.5",0.5,40.03116,18.48672,58.51788,14.13772504,13.86639674,0.361009787,2.770994108,2.717813762,0.070757918
0.53,1,"1.5",0.5,42.54252,15.6828,58.22532,13.49467545,13.15435428,0.479185186,2.644956388,2.578253438,0.093920296
0.57,0.05,"1.5",0.5,8.7702,50.95916,59.72936,3.806436118,3.833415537,0.195828183,0.746061479,0.751349445,0.038382324
0.57,0.25,"1.5",0.5,25.782,33.43992,59.22192,11.28606279,11.2714189,0.240728473,3.128337,3.12427792,0.066726528
0.57,0.5,"1.5",0.5,36.1232,22.74536,58.86856,13.99038703,13.853114,0.296095,2.742115857,2.715210343,0.05803462
0.57,0.75,"1.5",0.5,40.84632,17.75616,58.60248,13.97740898,13.77635558,0.31790922,2.739572161,2.700165694,0.062310207
0.57,1,"1.5",0.5,43.134,15.12592,58.25992,13.72650671,13.33432127,0.479448498,2.690395314,2.613526968,0.093971906
0.61,0.05,"1.5",0.5,8.7542,50.99036,59.74456,3.842765644,3.86534218,0.196377719,0.753182066,0.757607067,0.038490033
0.61,0.25,"1.5",0.5,26.09888,33.14752,59.2464,11.65836694,11.63296155,0.243294396,3.231534446,3.22449243,0.067437766
0.61,0.5,"1.5",0.5,35.83104,23.04,58.87104,13.83647615,13.754114,0.239443881,2.711949324,2.695806344,0.046931001
0.61,0.75,"1.5",0.5,40.7636,17.83568,58.59928,13.79053048,13.52075088,0.382596501,2.702943973,2.650067173,0.074988914
0.61,1,"1.5",0.5,43.27832,14.98108,58.2594,13.33461792,12.9204532,0.49613663,2.613585112,2.532408828,0.097242779
0.65,0.05,"1.5",0.5,9.0264,50.72756,59.75396,3.783454036,3.794921003,0.187134906,0.741556991,0.743804517,0.036678442
0.65,0.25,"1.5",0.5,26.86688,32.3692,59.23608,11.71735767,11.69951783,0.215782945,3.247885843,3.242940892,0.059811981
0.65,0.5,"1.5",0.5,36.79332,22.13336,58.92668,13.58629991,13.42091316,0.297371138,2.662914782,2.630498979,0.058284743
0.65,0.75,"1.5",0.5,41.47892,17.1226,58.60152,13.99689065,13.72336416,0.369820171,2.743390568,2.689779376,0.072484754
0.65,1,"1.5",0.5,43.75344,14.53304,58.28648,13.29895999,12.93163216,0.466588662,2.606596158,2.534599904,0.091451378
0.69,0.05,"1.5",0.5,9.39312,50.35576,59.74888,4.124845874,4.145571319,0.215472292,0.808469791,0.812531978,0.042232569
0.69,0.25,"1.5",0.5,26.7804,32.4364,59.2168,11.53914074,11.50023983,0.217263125,3.198486629,3.187703848,0.060222266
0.69,0.5,"1.5",0.5,37.14432,21.776,58.92032,14.1613523,14.03538933,0.270632737,2.775625051,2.750936308,0.053044016
0.69,0.75,"1.5",0.5,42.0148,16.60232,58.61712,13.89356749,13.58328477,0.413097911,2.723139228,2.662323816,0.080967191
0.69,1,"1.5",0.5,43.54052,14.82056,58.36108,13.5017367,13.1335479,0.436036086,2.646340393,2.574175388,0.085463073
0.73,0.05,"1.5",0.5,9.4322,50.32152,59.75372,4.075167206,4.097417754,0.201105836,0.798732772,0.80309388,0.039416744
0.73,0.25,"1.5",0.5,27.83168,31.482,59.31368,12.09267541,12.09077763,0.247290744,3.351918612,3.351392574,0.068545497
0.73,0.5,"1.5",0.5,37.18156,21.75728,58.93884,13.84483371,13.63124595,0.335339078,2.713587407,2.671724206,0.065726459
0.73,0.75,"1.5",0.5,42.00552,16.64696,58.65248,13.9420593,13.63584845,0.391692017,2.732643622,2.672626296,0.076771635
0.73,1,"1.5",0.5,44.61696,13.76608,58.38304,13.09126885,12.65640486,0.530097188,2.565888695,2.480655352,0.103899049
0.77,0.05,"1.5",0.5,9.42448,50.35108,59.77556,4.096504044,4.134245211,0.214889698,0.802914793,0.810312061,0.042118381
0.77,0.25,"1.5",0.5,26.89672,32.44024,59.33696,12.28601546,12.26112749,0.219726821,3.405509738,3.398611146,0.060905167
0.77,0.5,"1.5",0.5,38.11028,20.8832,58.99348,14.0991412,13.94314324,0.303455469,2.763431676,2.732856074,0.059477272
0.77,0.75,"1.5",0.5,42.11804,16.50696,58.625,13.97159538,13.67590031,0.374278619,2.738432694,2.68047646,0.073358609
0.77,1,"1.5",0.5,44.50808,13.90316,58.41124,13.20927587,12.81877766,0.47425917,2.589018071,2.512480421,0.092954797
0.81,0.05,"1.5",0.5,9.5612,50.1838,59.745,4.076950871,4.080452594,0.233659945,0.799082371,0.799768708,0.045797349
0.81,0.25,"1.5",0.5,27.7748,31.5796,59.3544,11.9485942,11.91838593,0.227274894,3.311981338,3.303608032,0.062997387
0.81,0.5,"1.5",0.5,38.31852,20.64776,58.96628,14.00326582,13.84385958,0.280820302,2.744640101,2.713396477,0.055040779
0.81,0.75,"1.5",0.5,43.10628,15.61844,58.72472,13.70831776,13.42180478,0.366880326,2.68683028,2.630673737,0.071908544
0.81,1,"1.5",0.5,44.43312,13.92664,58.35976,13.18415872,12.78324994,0.484814181,2.58409511,2.505516988,0.09502358
0.85,0.05,"1.5",0.5,9.9628,49.81036,59.77316,4.38749457,4.420580559,0.196287396,0.859948936,0.866433789,0.03847233
0.85,0.25,"1.5",0.5,28.46728,30.8848,59.35208,12.51776392,12.45737858,0.211705595,3.469747135,3.453009174,0.058681797
0.85,0.5,"1.5",0.5,38.85552,20.14516,59.00068,14.37725758,14.16120347,0.322382572,2.817942485,2.77559588,0.063186984
0.85,0.75,"1.5",0.5,42.97672,15.72692,58.70364,13.80187259,13.52551379,0.379672627,2.705167027,2.651000702,0.074415835
0.85,1,"1.5",0.5,45.33144,13.07436,58.4058,13.29729685,12.87394828,0.496365253,2.606270183,2.523293862,0.09728759
0.89,0.05,"1.5",0.5,10.18356,49.55968,59.74324,4.445102606,4.468222784,0.192070437,0.871240111,0.875771666,0.037645806
0.89,0.25,"1.5",0.5,28.76392,30.56272,59.32664,12.64565488,12.54263918,0.230798592,3.505196702,3.476642205,0.063974106
0.89,0.5,"1.5",0.5,39.3464,19.60964,58.95604,14.115594,13.89046118,0.314249593,2.766656424,2.722530392,0.06159292
0.89,0.75,"1.5",0.5,43.15784,15.55948,58.71732,13.75788816,13.45562445,0.386148056,2.696546079,2.637302393,0.075685019
0.89,1,"1.5",0.5,44.95116,13.51036,58.46152,13.23097229,12.8236798,0.502320041,2.593270568,2.513441241,0.098454728
0.93,0.05,"1.5",0.5,9.95844,49.78292,59.74136,4.275533737,4.299064718,0.200619018,0.838004612,0.842616685,0.039321327
0.93,0.25,"1.5",0.5,29.68256,29.6824,59.36496,12.67918086,12.62841282,0.242063996,3.514489628,3.500417447,0.067096716
0.93,0.5,"1.5",0.5,39.07348,19.94544,59.01892,14.0990265,13.94197561,0.277245822,2.763409194,2.73262722,0.054340181
0.93,0.75,"1.5",0.5,43.69516,15.02892,58.72408,13.52261046,13.25333184,0.361290607,2.650431651,2.597653041,0.070812959
0.93,1,"1.5",0.5,45.30824,13.16156,58.4698,13.00767436,12.57300306,0.508473771,2.549504175,2.4643086,0.099660859
0.97,0.05,"1.5",0.5,10.38844,49.37048,59.75892,4.564416217,4.569514221,0.202265037,0.894625578,0.895624787,0.039643947
0.97,0.25,"1.5",0.5,30.00712,29.36992,59.37704,12.91991645,12.86088335,0.208451331,3.58121813,3.564854988,0.057779761
0.97,0.5,"1.5",0.5,40.12444,18.91952,59.04396,14.56730569,14.35712342,0.320666727,2.855191916,2.81399619,0.062850679
0.97,0.75,"1.5",0.5,43.95644,14.80876,58.7652,13.86557821,13.54075339,0.420508398,2.717653329,2.653987665,0.082419646
0.97,1,"1.5",0.5,45.314,13.17008,58.48408,13.25164886,12.8448614,0.486198689,2.597323176,2.517592835,0.095294943
0.01,0.05,"2",0.5,5.472,54.243,59.715,2.038196866,2.104615371,0.194912568,0.399486586,0.412504613,0.038202863
0.01,0.25,"2",0.5,15.9168,43.1736,59.0904,7.239983146,7.346058425,0.26083874,1.419036697,1.439827451,0.051124393
0.01,0.5,"2",0.5,23.93788,34.686,58.62388,10.5934853,10.72833712,0.252484994,2.076323119,2.102754076,0.049487059
0.01,0.75,"2",0.5,29.02384,29.13576,58.1596,12.38855375,12.41009645,0.303049284,2.428156535,2.432378905,0.05939766
0.01,1,"2",0.5,32.36904,25.42176,57.7908,13.07685458,13.02546191,0.283886732,2.563063497,2.552990535,0.0556418
0.05,0.05,"2",0.5,5.70296,53.99808,59.70104,2.137140816,2.198832122,0.218891695,0.4188796,0.430971096,0.042902772
0.05,0.25,"2",0.5,16.06008,43.10796,59.16804,7.369773462,7.464914329,0.239733519,1.444475599,1.463123208,0.04698777
0.05,0.5,"2",0.5,24.5086,34.13668,58.64528,11.17168347,11.28730801,0.264760386,2.189649961,2.212312371,0.051893036
0.05,0.75,"2",0.5,30.51316,27.74864,58.2618,12.91579694,12.9283911,0.279172442,2.5314962,2.533964657,0.054717799
0.05,1,"2",0.5,33.635,24.24316,57.87816,12.99871736,12.96736503,0.240422134,2.547748602,2.541603545,0.047122738
0.09,0.05,"2",0.5,5.63904,54.05876,59.6978,2.070718696,2.119854365,0.202795314,0.405860864,0.415491455,0.039747882
0.09,0.25,"2",0.5,16.65028,42.5726,59.22288,7.751644554,7.820576648,0.227349474,1.519322333,1.532833023,0.044560497
0.09,0.5,"2",0.5,25.30732,33.3918,58.69912,11.29090713,11.39827746,0.269963008,2.213017797,2.234062382,0.05291275
0.09,0.75,"2",0.5,30.66384,27.66708,58.33092,12.85631185,12.84733991,0.253688972,2.519837123,2.518078622,0.049723039
0.09,1,"2",0.5,34.2342,23.6598,57.894,13.19835105,13.1825097,0.25482654,2.586876806,2.583771902,0.049946002
0.13,0.05,"2",0.5,5.78232,53.9634,59.74572,2.074468962,2.113508978,0.219347981,0.406595916,0.41424776,0.042992204
0.13,0.25,"2",0.5,16.51332,42.71492,59.22824,7.877784789,7.969763665,0.248908612,1.544045819,1.562073678,0.048786088
0.13,0.5,"2",0.5,25.64632,33.05972,58.70604,11.56335586,11.62521943,0.224905454,2.266417749,2.278543008,0.044081469
0.13,0.75,"2",0.5,31.06724,27.22736,58.2946,13.05522254,13.02699035,0.255232039,2.558823618,2.553290108,0.05002548
0.13,1,"2",0.5,34.515,23.47472,57.98972,13.19226039,13.08520988,0.287284327,2.585683036,2.564701137,0.056307728
0.17,0.05,"2",0.5,5.9982,53.72336,59.72156,2.132289015,2.177959955,0.19479688,0.417928647,0.426880151,0.038180189
0.17,0.25,"2",0.5,17.3462,41.88144,59.22764,7.977634117,8.007547884,0.218553626,1.563616287,1.569479385,0.042836511
0.17,0.5,"2",0.5,26.71172,32.04336,58.75508,11.67088017,11.70809194,0.247221885,2.287492513,2.29478602,0.048455489
0.17,0.75,"2",0.5,32.50896,25.88696,58.39592,13.2931254,13.22003196,0.264148094,2.605452578,2.591126264,0.051773026
0.17,1,"2",0.5,35.59796,22.46176,58.05972,13.57046321,13.42581438,0.281949493,2.65981079,2.631459618,0.055262101
0.21,0.05,"2",0.5,6.15132,53.60272,59.75404,2.399851649,2.458141065,0.218280883,0.470370923,0.481795649,0.042783053
0.21,0.25,"2",0.5,17.84032,41.38052,59.22084,8.213042432,8.285823739,0.2326937,1.609756317,1.624021453,0.045607965
0.21,0.5,"2",0.5,26.8396,31.93784,58.77744,11.89878839,11.95805352,0.265729578,2.332162524,2.34377849,0.052082997
0.21,0.75,"2",0.5,32.12904,26.28356,58.4126,13.30164095,13.23036125,0.249490066,2.607121626,2.593150805,0.048900053
0.21,1,"2",0.5,36.41992,21.72108,58.141,13.47158506,13.32658246,0.335981902,2.640430672,2.612010162,0.065852453
0.25,0.05,"2",0.5,6.3358,53.40752,59.74332,2.516439901,2.562312799,0.186563656,0.493222221,0.502213309,0.036566476
0.25,0.25,"2",0.5,18.54992,40.69668,59.2466,8.406534764,8.499715542,0.256357311,1.647680814,1.665944246,0.050246033
0.25,0.5,"2",0.5,27.52856,31.3008,58.82936,12.11530245,12.13765286,0.242134762,2.37459928,2.37897996,0.047458413
0.25,0.75,"2",0.5,33.69832,24.76272,58.46104,13.38631958,13.30707658,0.25804901,2.623718638,2.60818701,0.050577606
0.25,1,"2",0.5,35.75544,22.3728,58.12824,13.30224892,13.09915138,0.347492638,2.607240788,2.567433671,0.068108557
0.29,0.05,"2",0.5,6.35736,53.41172,59.76908,2.516152601,2.544502984,0.19322409,0.49316591,0.498722585,0.037871922
0.29,0.25,"2",0.5,19.07024,40.17756,59.2478,8.720505301,8.801292557,0.25447232,1.709219039,1.725053341,0.049876575
0.29,0.5,"2",0.5,28.25036,30.58244,58.8328,12.06720378,12.02914934,0.263210942,2.365171941,2.35771327,0.051589345
0.29,0.75,"2",0.5,34.18768,24.30924,58.49692,13.57180945,13.45714423,0.271722291,2.660074652,2.63760027,0.053257569
0.29,1,"2",0.5,36.8242,21.31952,58.14372,13.46383647,13.26552724,0.338810876,2.638911947,2.600043339,0.066406932
0.33,0.05,"2",0.5,6.50412,53.23276,59.73688,2.555554249,2.575581163,0.216253185,0.500888633,0.504813908,0.042385624
0.33,0.25,"2",0.5,19.30896,39.96728,59.27624,9.191001275,9.247524828,0.238922037,1.80143625,1.812514866,0.046828719
0.33,0.5,"2",0.5,28.70716,30.13896,58.84612,12.42480306,12.4278394,0.191914505,2.4352614,2.435856522,0.037615243
0.33,0.75,"2",0.5,34.7816,23.77744,58.55904,13.91580098,13.80796938,0.273394004,2.727496992,2.706361998,0.053585225
0.33,1,"2",0.5,38.21676,20.04896,58.26572,13.98137809,13.73955897,0.356761757,2.740350105,2.692953558,0.069925304
0.37,0.05,"2",0.5,6.70164,53.0378,59.73944,2.583547454,2.612626334,0.200327828,0.506375301,0.512074762,0.039264254
0.37,0.25,"2",0.5,19.8242,39.45592,59.28012,9.293360765,9.299119124,0.20388585,1.82149871,1.822627348,0.039961627
0.37,0.5,"2",0.5,29.30252,29.62576,58.92828,12.33172075,12.32305249,0.230280114,2.417017267,2.415318289,0.045134902
0.37,0.75,"2",0.5,34.70036,23.87824,58.5786,13.63659924,13.47520525,0.29165103,2.672773451,2.64114023,0.057163602
0.37,1,"2",0.5,38.50832,19.78316,58.29148,13.73342261,13.55208254,0.330558465,2.691750832,2.656208178,0.064789459
0.41,0.05,"2",0.5,6.81456,52.94888,59.76344,2.634873843,2.66143126,0.214785979,0.516435273,0.521640527,0.042098052
0.41,0.25,"2",0.5,20.19268,39.1232,59.31588,9.274036869,9.328652281,0.217634263,1.817711226,1.828415847,0.042656315
0.41,0.5,"2",0.5,29.48408,29.43964,58.92372,12.54283757,12.49153179,0.27290299,2.458396164,2.44834023,0.053488986
0.41,0.75,"2",0.5,35.74608,22.8642,58.61028,13.605199,13.45217466,0.278038297,2.666619004,2.636626234,0.054495506
0.41,1,"2",0.5,38.53896,19.76728,58.30624,13.83749565,13.60561513,0.362294961,2.712149148,2.666700565,0.071009812
0.45,0.05,"2",0.5,6.97408,52.7596,59.73368,2.77987047,2.864806415,0.253954059,0.544854612,0.561502057,0.049774996
0.45,0.25,"2",0.5,20.59324,38.727,59.32024,9.596936577,9.677723555,0.228087398,1.880999569,1.896833817,0.04470513
0.45,0.5,"2",0.5,30.49636,28.47624,58.9726,12.7423647,12.70064848,0.233475195,2.497503481,2.489327101,0.045761138
0.45,0.75,"2",0.5,36.08364,22.54396,58.6276,13.7717107,13.63285217,0.284868213,2.699255297,2.672039026,0.05583417
0.45,1,"2",0.5,39.37612,19.01652,58.39264,13.823131,13.59096893,0.36724196,2.709333676,2.66382991,0.071979424
0.49,0.05,"2",0.5,6.98344,52.78016,59.7636,2.809197823,2.833102788,0.199503626,0.550602773,0.555288146,0.039102711
0.49,0.25,"2",0.5,20.99944,38.32868,59.32812,9.661759457,9.674757693,0.227762382,1.893704854,1.896252508,0.044641427
0.49,0.5,"2",0.5,30.6214,28.34228,58.96368,13.11934111,13.097811,0.26886649,2.571390857,2.567170956,0.052697832
0.49,0.75,"2",0.5,36.06452,22.59408,58.6586,14.05468783,13.89427352,0.298651177,2.754718814,2.723277609,0.058535631
0.49,1,"2",0.5,39.38952,19.02312,58.41264,13.88411073,13.66590227,0.340323183,2.721285702,2.678516845,0.066703344
0.53,0.05,"2",0.5,7.21,52.52168,59.73168,2.898667587,2.95694263,0.225455359,0.568138847,0.579560755,0.04418925
0.53,0.25,"2",0.5,20.94948,38.3944,59.34388,9.582119926,9.581796158,0.249908237,1.878095505,1.878032047,0.048982014
0.53,0.5,"2",0.5,31.5912,27.34576,58.93696,13.47312619,13.40103573,0.236376772,2.640732734,2.626603003,0.046329847
0.53,0.75,"2",0.5,36.54664,22.12112,58.66776,14.08978993,13.91919979,0.284917749,2.761598826,2.728163159,0.055843879
0.53,1,"2",0.5,40.39576,18.06436,58.46012,13.97130012,13.7561102,0.329061822,2.738374823,2.696197599,0.064496117
0.57,0.05,"2",0.5,7.35572,52.41804,59.77376,2.887159074,2.883064783,0.219591776,0.565883178,0.565080697,0.043039988
0.57,0.25,"2",0.5,22.0988,37.23904,59.33784,10.03214028,10.01295704,0.238434233,1.966299494,1.962539579,0.04673311
0.57,0.5,"2",0.5,32.218,26.8118,59.0298,13.63175312,13.52600834,0.275178326,2.671823612,2.651097635,0.053934952
0.57,0.75,"2",0.5,37.18216,21.53156,58.71372,14.3806933,14.23788153,0.281765433,2.818615887,2.790624781,0.055226025
0.57,1,"2",0.5,41.02992,17.42992,58.45984,13.90041181,13.62914953,0.367348092,2.724480715,2.671313307,0.072000226
0.61,0.05,"2",0.5,7.44904,52.3428,59.79184,3.062354946,3.077557079,0.226268399,0.600221569,0.603201188,0.044348606
0.61,0.25,"2",0.5,21.75944,37.57196,59.3314,9.838682576,9.820419041,0.174704484,1.928381785,1.924802132,0.034242079
0.61,0.5,"2",0.5,32.11884,26.91492,59.03376,13.2221727,13.13641877,0.25602861,2.591545849,2.574738079,0.050181607
0.61,0.75,"2",0.5,37.50488,21.18,58.68488,14.01363549,13.86619429,0.295943527,2.746672556,2.717774081,0.058004931
0.61,1,"2",0.5,40.38572,18.1174,58.50312,13.92979533,13.65197852,0.380955346,2.730239884,2.675787791,0.074667248
0.65,0.05,"2",0.5,7.4142,52.33388,59.74808,3.054342264,3.08286292,0.212406304,0.598651084,0.604241132,0.041631636
0.65,0.25,"2",0.5,22.28964,37.09256,59.3822,10.2355131,10.24338664,0.193075586,2.006160567,2.007703782,0.037842815
0.65,0.5,"2",0.5,32.64188,26.38396,59.02584,13.26553787,13.19007662,0.264887044,2.600045422,2.585255017,0.051917861
0.65,0.75,"2",0.5,37.92564,20.8174,58.74304,14.07372118,13.87203422,0.325079444,2.758449351,2.718918707,0.063715571
0.65,1,"2",0.5,40.92648,17.55228,58.47876,13.58565496,13.30487865,0.398923681,2.662788373,2.607756215,0.078189042
0.69,0.05,"2",0.5,7.63548,52.15088,59.78636,3.135887014,3.148019385,0.212588925,0.614633855,0.617011799,0.041667429
0.69,0.25,"2",0.5,22.64668,36.75048,59.39716,10.2641182,10.27592126,0.20289803,2.011767168,2.014080566,0.039768014
0.69,0.5,"2",0.5,32.99196,26.01972,59.01168,13.54114774,13.47522814,0.248659066,2.654064956,2.641144715,0.048737177
0.69,0.75,"2",0.5,38.51,20.30124,58.81124,14.21585549,14.01446093,0.318812288,2.786307675,2.746834342,0.062487209
0.69,1,"2",0.5,41.53732,17.00444,58.54176,14.05285948,13.76422957,0.381405935,2.754360459,2.697788996,0.074755563
0.73,0.05,"2",0.5,7.9384,51.83564,59.77404,3.275243509,3.302272549,0.173204143,0.641947728,0.64724542,0.033948012
0.73,0.25,"2",0.5,23.07184,36.36408,59.43592,10.62191451,10.61882731,0.222865076,2.081895245,2.081290153,0.043681555
0.73,0.5,"2",0.5,33.68348,25.35884,59.04232,13.70635943,13.60933839,0.245048702,2.686446449,2.667430324,0.048029546
0.73,0.75,"2",0.5,38.82888,19.94796,58.77684,14.57354126,14.3702303,0.305149499,2.856414087,2.816565139,0.059809302
0.73,1,"2",0.5,41.73004,16.79632,58.52636,13.8720923,13.58527247,0.394454527,2.718930091,2.662713405,0.077313087
0.77,0.05,"2",0.5,7.91268,51.88064,59.79332,3.251919765,3.208282651,0.216360384,0.637376274,0.6288234,0.042406635
0.77,0.25,"2",0.5,23.28356,36.11688,59.40044,10.58558436,10.56308783,0.229847131,2.074774534,2.070365215,0.045050038
0.77,0.5,"2",0.5,34.30036,24.76204,59.0624,13.70301476,13.59576353,0.261448954,2.685790893,2.664769652,0.051243995
0.77,0.75,"2",0.5,39.22824,19.5586,58.78684,14.17519859,13.97570257,0.302132111,2.778338923,2.739237703,0.059217894
0.77,1,"2",0.5,42.1294,16.44524,58.57464,13.76529469,13.43936195,0.439587399,2.697997759,2.634114941,0.08615913
0.81,0.05,"2",0.5,8.08,51.72352,59.80352,3.343340421,3.373315955,0.202676459,0.655294723,0.661169927,0.039724586
0.81,0.25,"2",0.5,23.97968,35.44724,59.42692,10.79924974,10.75519726,0.230731366,2.116652949,2.108018662,0.045223348
0.81,0.5,"2",0.5,34.04152,25.056,59.09752,13.7499765,13.62116644,0.266695623,2.694995393,2.669748622,0.052272342
0.81,0.75,"2",0.5,40.13164,18.702,58.83364,14.1557236,13.93700839,0.311977256,2.774521826,2.731653644,0.061147542
0.81,1,"2",0.5,43.11392,15.54132,58.65524,13.89087981,13.55003758,0.442669111,2.722612443,2.655807366,0.086763146
0.85,0.05,"2",0.5,8.15212,51.66888,59.821,3.226127902,3.23592339,0.21482537,0.632321069,0.634240984,0.042105772
0.85,0.25,"2",0.5,23.94196,35.46824,59.4102,10.85347296,10.83337154,0.214496356,2.1272807,2.123340823,0.042041286
0.85,0.5,"2",0.5,34.67528,24.44576,59.12104,13.779615,13.66185194,0.239081488,2.70080454,2.67772298,0.046859972
0.85,0.75,"2",0.5,40.42272,18.45004,58.87276,14.42943085,14.18788732,0.352077905,2.828168448,2.780825915,0.069007269
0.85,1,"2",0.5,43.01472,15.59816,58.61288,13.79746179,13.51911721,0.394480538,2.704302512,2.649746973,0.077318185
0.89,0.05,"2",0.5,7.96896,51.8062,59.77516,3.345984869,3.372563207,0.194465895,0.655813034,0.661022389,0.038115315
0.89,0.25,"2",0.5,24.72976,34.70724,59.437,10.9515142,10.91032969,0.222064783,2.146496783,2.138424619,0.043524697
0.89,0.5,"2",0.5,34.79592,24.36308,59.159,13.84710504,13.74259816,0.272115469,2.714032587,2.693549239,0.053334632
0.89,0.75,"2",0.5,40.2618,18.60076,58.86256,14.18673254,13.98880184,0.294668323,2.780599578,2.741805161,0.057754991
0.89,1,"2",0.5,43.29096,15.35848,58.64944,13.78979791,13.47127711,0.398477312,2.702800389,2.640370313,0.078101553
0.93,0.05,"2",0.5,8.45788,51.33268,59.79056,3.546491609,3.582144679,0.215277895,0.695112355,0.702100357,0.042194467
0.93,0.25,"2",0.5,25.28616,34.14548,59.43164,11.00791171,10.97613614,0.228927827,2.157550695,2.151322683,0.044869854
0.93,0.5,"2",0.5,34.93712,24.2194,59.15652,13.84018217,13.73057181,0.26047953,2.712675705,2.691192075,0.051053988
0.93,0.75,"2",0.5,40.4656,18.44252,58.90812,14.31421354,14.04217807,0.360217871,2.805585853,2.752266901,0.070602703
0.93,1,"2",0.5,43.63928,15.0596,58.69888,13.68148136,13.34953335,0.420302567,2.681570346,2.616508537,0.082379303
0.97,0.05,"2",0.5,8.45336,51.33288,59.78624,3.541466784,3.574063498,0.210831021,0.69412749,0.700516446,0.04132288
0.97,0.25,"2",0.5,24.85184,34.6204,59.47224,11.00632992,10.97633166,0.23187654,2.157240664,2.151361005,0.045447802
0.97,0.5,"2",0.5,35.57984,23.57924,59.15908,14.03304296,13.91632968,0.269052272,2.750476419,2.727600617,0.052734245
0.97,0.75,"2",0.5,40.52136,18.4022,58.92356,13.98708439,13.7487461,0.346844661,2.74146854,2.694754235,0.067981553
0.97,1,"2",0.5,43.79184,14.86572,58.65756,13.66364207,13.31769881,0.435156406,2.678073846,2.610268967,0.085290656
0.01,0.01,"Homogenous",0.5,6.0906,51.05992,57.15052,3.71908664251661,3.89355428928843,0.294721045304632,0.728940981933255,0.763136640700533,0.0577653248797078
0.01,0.05,"Homogenous",0.5,19.9152,36.2226,56.1378,9.93609455216158,10.2773616608092,0.44931674279236,1.94747453222367,2.0143628855186,0.0880660815873025
0.01,0.1,"Homogenous",0.5,29.3668,26.11912,55.48592,12.4543533616389,12.6834759608753,0.37443365125469,2.44105325888122,2.48596128833155,0.0733889956459193
0.01,0.25,"Homogenous",0.5,38.56548,16.35988,54.92536,13.2155632727386,12.9882799627008,0.413723460072234,2.59025040145677,2.54570287268936,0.0810897981741578
0.01,0.5,"Homogenous",0.5,43.86688,10.86,54.72688,11.8974058943854,11.074802588021,0.946718919599304,2.33189155529955,2.17066130725211,0.185556908241463
0.01,0.75,"Homogenous",0.5,44.52444,10.00476,54.5292,10.5634274648167,9.33358045897942,1.32222909428653,2.07043178310408,1.82938176995997,0.25915690248016
0.01,1,"Homogenous",0.5,45.62536,8.79288,54.41824,9.68067087115121,8.25630728384382,1.53572391458171,1.89741149074564,1.61823622763339,0.301001887258016
0.05,0.01,"Homogenous",0.5,7.87852,49.0616,56.94012,4.77644380304389,5.0781037103361,0.379767692946702,0.936182985396602,0.995308327225876,0.0744344678175537
0.05,0.05,"Homogenous",0.5,25.10764,30.48468,55.59232,11.8046899099083,12.2529203089952,0.523208649111472,2.31371922234203,2.40157238056305,0.102548895225848
0.05,0.1,"Homogenous",0.5,34.86248,20.16052,55.023,13.1953468967992,13.3510643395797,0.38302543629436,2.58628799177265,2.61680861055762,0.0750729855136946
0.05,0.25,"Homogenous",0.5,43.00788,11.60288,54.61076,12.6200942410158,12.1565236136526,0.740737212907424,2.47353847123911,2.38267862827591,0.145184493729855
0.05,0.5,"Homogenous",0.5,46.41484,8.30724,54.72208,10.4296732438817,9.26357237538194,1.31174763278659,2.04421595580081,1.81566018557486,0.257102536026171
0.05,0.75,"Homogenous",0.5,46.21968,8.39812,54.6178,9.68291804552551,8.09968735558243,1.68419076872382,1.897851936923,1.58753872169416,0.33010139066987
0.05,1,"Homogenous",0.5,46.9668,7.76192,54.72872,8.8512259540071,7.08321557931356,1.86385349751584,1.73484028698539,1.38831025354546,0.365315285513104
0.09,0.01,"Homogenous",0.5,9.58172,47.19532,56.77704,5.75685408633163,6.10153726759731,0.435887714203945,1.128343400921,1.19590130444907,0.0854339919839732
0.09,0.05,"Homogenous",0.5,28.00468,27.29224,55.29692,12.3626370310388,12.8024376444015,0.543657603179565,2.42307685808361,2.50927777830269,0.106556890223195
0.09,0.1,"Homogenous",0.5,37.4174,17.32548,54.74288,13.1006477671599,13.1878459092783,0.433991697541962,2.56772696236334,2.58481779821855,0.0850623727182245
0.09,0.25,"Homogenous",0.5,45.05052,9.5792,54.62972,11.6223668954358,10.8929908183977,0.968368784413388,2.27798391150541,2.13502620040595,0.189800281745024
0.09,0.5,"Homogenous",0.5,47.22284,7.4918,54.71464,9.47958240217342,8.12222799458127,1.53958758428904,1.85799815082599,1.59195668693793,0.301759166520652
0.09,0.75,"Homogenous",0.5,47.88352,7.00172,54.88524,8.54119613660993,6.6827962998624,1.94716587164966,1.67407444277555,1.30982807477303,0.381644510843333
0.09,1,"Homogenous",0.5,47.77124,7.1288,54.90004,7.83055208281103,5.92028369508616,1.98939072912571,1.53478820823096,1.16037560423689,0.389920582908639
0.13,0.01,"Homogenous",0.5,11.66548,44.85964,56.52512,6.41462991127203,6.86155585254363,0.521984427957676,1.25726746260932,1.34486494709855,0.102308947879705
0.13,0.05,"Homogenous",0.5,31.24044,23.76948,55.00992,12.9918755392232,13.4376443541074,0.549654651540034,2.54640760568775,2.63377829340505,0.107732311701847
0.13,0.1,"Homogenous",0.5,40.15616,14.4138,54.56996,12.9794761491154,12.9268162571244,0.476501898201779,2.54397732522661,2.53365598639637,0.0933943720475487
0.13,0.25,"Homogenous",0.5,46.11744,8.602,54.71944,10.9507298334519,10.0470166877154,1.12094246349429,2.14634304735656,1.96921527079222,0.219704722844881
0.13,0.5,"Homogenous",0.5,48.30296,6.65676,54.95972,8.68440014376178,7.05671392194424,1.75917182121749,1.70214242817731,1.38311592870107,0.344797676958628
0.13,0.75,"Homogenous",0.5,48.75676,6.28144,55.0382,7.29688911592475,5.37663970821174,1.99838345780895,1.43019026672125,1.0538213828095,0.391683157730554
0.13,1,"Homogenous",0.5,48.38576,6.58064,54.9664,6.9012166474141,4.8870807619827,2.06049565479628,1.35263846289316,0.957867829348609,0.403857148340071
0.17,0.01,"Homogenous",0.5,13.7364,42.5468,56.2832,7.29731346718666,7.81896075142491,0.597482665316355,1.43027343956859,1.53251630727928,0.117106602402006
0.17,0.05,"Homogenous",0.5,34.0534,20.72244,54.77584,13.5837956389073,13.9721453565675,0.548073554010828,2.66242394522582,2.73854048988723,0.107422416586122
0.17,0.1,"Homogenous",0.5,42.1204,12.37444,54.49484,12.8970070351476,12.619349937891,0.603916990750527,2.52781337888893,2.47339258782663,0.118367730187103
0.17,0.25,"Homogenous",0.5,47.26844,7.45624,54.72468,10.0668778287305,8.94647443807398,1.32735021890847,1.97310805443118,1.7535089898625,0.26016064290606
0.17,0.5,"Homogenous",0.5,49.02812,6.03084,55.05896,7.81341949388837,6.12491897900649,1.81272276886668,1.53143022080212,1.20048411988527,0.355293662697869
0.17,0.75,"Homogenous",0.5,48.83588,6.25272,55.0886,6.94550094226398,4.91390472003434,2.08287287032584,1.36131818468374,0.96312532512673,0.408243082583864
0.17,1,"Homogenous",0.5,48.79288,6.32636,55.11924,6.56010959701501,4.41329235886866,2.18394869477608,1.28578148101494,0.865005302338257,0.428053944176112
0.21,0.01,"Homogenous",0.5,15.3136,40.82136,56.13496,8.14689873200195,8.68351660310289,0.591760426544596,1.59679215147238,1.70196925420817,0.115985043602741
0.21,0.05,"Homogenous",0.5,36.77836,17.75492,54.53328,13.5023955327052,13.7703701685682,0.491238757395705,2.64646952441021,2.69899255303937,0.0962827964495583
0.21,0.1,"Homogenous",0.5,43.9944,10.52072,54.51512,12.1927529394483,11.8334667803658,0.706095499306867,2.38977957613186,2.31935948895169,0.138394717864146
0.21,0.25,"Homogenous",0.5,48.20776,6.70292,54.91068,9.37201507726513,8.04554987816372,1.49734969148354,1.83691495514396,1.57692777612009,0.293480539530774
0.21,0.5,"Homogenous",0.5,49.3348,5.78444,55.11924,7.31697769477662,5.49826694884925,1.91283466799165,1.43412762817622,1.07766032197445,0.374915594926362
0.21,0.75,"Homogenous",0.5,49.26692,5.96152,55.22844,6.43616405877873,4.38928752065639,2.08713398930038,1.26148815552063,0.860300354048652,0.409078261902875
0.21,1,"Homogenous",0.5,49.07728,6.14112,55.2184,6.3703605309704,4.21207515084473,2.18895881342448,1.2485906640702,0.825566729565567,0.429035927431197
0.25,0.01,"Homogenous",0.5,16.47472,39.5318,56.00652,8.6735218367236,9.25860186011043,0.63657915438536,1.70001027999783,1.81468596458165,0.124769514259531
0.25,0.05,"Homogenous",0.5,37.38312,17.09916,54.48228,13.2389250206588,13.5442705265124,0.540920055707557,2.59482930404913,2.65467702319644,0.106020330918681
0.25,0.1,"Homogenous",0.5,44.70324,9.72316,54.4264,11.6047949782524,11.1671060725126,0.778529253130413,2.27453981573748,2.18875279021247,0.152591733613561
0.25,0.25,"Homogenous",0.5,48.6438,6.38144,55.02524,9.09705103732839,7.68695384929636,1.59011254998386,1.78302200331636,1.50664295446209,0.311662059796836
0.25,0.5,"Homogenous",0.5,49.79516,5.47744,55.2726,6.94118069413892,5.0193477630127,1.99041658499375,1.36047141605123,0.983792161550489,0.390121650658775
0.25,0.75,"Homogenous",0.5,49.61828,5.6912,55.30948,5.98618936492384,3.88704910016206,2.12792326549582,1.17329311552507,0.761861623631764,0.41707296003718
0.25,1,"Homogenous",0.5,49.39416,6.03496,55.42912,6.02677399797157,3.88471680888743,2.1684113128782,1.18124770360243,0.761404494541936,0.425008617324128
0.29,0.01,"Homogenous",0.5,18.20192,37.65232,55.85424,9.16987729964284,9.85352523173941,0.729245093548559,1.79729595073,1.93129094542092,0.142932038335518
0.29,0.05,"Homogenous",0.5,38.953,15.43472,54.38772,12.9541470556496,13.0388276833138,0.494367549848728,2.53901282290731,2.55561022592951,0.0968960397703506
0.29,0.1,"Homogenous",0.5,45.45508,9.03396,54.48904,11.3770894910106,10.7676785413617,0.89760797634152,2.22990954023808,2.11046499410689,0.175931163362938
0.29,0.25,"Homogenous",0.5,49.36688,5.69388,55.06076,8.35520256877429,6.83077581005794,1.6998561740704,1.63761970347976,1.33883205877136,0.333171810117798
0.29,0.5,"Homogenous",0.5,50.05784,5.30324,55.36108,6.39242944714822,4.44901898418249,1.99839991387049,1.25291617164105,0.872007720899767,0.391686383118616
0.29,0.75,"Homogenous",0.5,49.45776,5.8454,55.30316,6.13568783054837,3.99568293804878,2.17065045746312,1.20259481478748,0.783153855857561,0.425447489662771
0.29,1,"Homogenous",0.5,49.26464,6.08536,55.35,5.91562029419152,3.79131619031564,2.15026519388665,1.15946157766154,0.743097973301865,0.421451978001784
0.33,0.01,"Homogenous",0.5,19.22552,36.5022,55.72772,9.39172100113884,10.0309502999064,0.70066248708496,1.84077731622321,1.96606625878165,0.137329847468652
0.33,0.05,"Homogenous",0.5,39.95076,14.39444,54.3452,12.8090801719292,12.8606654290978,0.463000490869561,2.51057971369812,2.52069042410317,0.090748096210434
0.33,0.1,"Homogenous",0.5,46.47276,8.13728,54.61004,11.0278148930582,10.3364097376334,0.991573791627444,2.1614517190394,2.02593630857614,0.194348463158979
0.33,0.25,"Homogenous",0.5,49.43712,5.63072,55.06784,7.94239212023148,6.31937250126126,1.777350466625,1.55670885556537,1.23859701024721,0.348360691458501
0.33,0.5,"Homogenous",0.5,50.15724,5.30736,55.4646,6.42184913600877,4.37958565338703,2.07683188213843,1.25868243065772,0.858398788063859,0.407059048899133
0.33,0.75,"Homogenous",0.5,49.99304,5.5106,55.50364,5.90773060039713,3.78627673515177,2.14013122188073,1.15791519767784,0.742110240089746,0.419465719488622
0.33,1,"Homogenous",0.5,49.67252,5.83504,55.50756,5.88639829595194,3.75921466631991,2.15424747609991,1.15373406600658,0.736806074598703,0.422232505315582
0.37,0.01,"Homogenous",0.5,20.48796,35.12356,55.61152,10.1180553167258,10.7858436048874,0.737196059334958,1.98313884207826,2.11402534655793,0.144490427629652
0.37,0.05,"Homogenous",0.5,41.4416,12.9456,54.3872,12.9410086691006,12.8848199401035,0.495444132964443,2.53643769914372,2.52542470826029,0.0971070500610308
0.37,0.1,"Homogenous",0.5,46.75596,7.84284,54.5988,10.6320523897593,9.75176130656416,1.13401583727562,2.08388226839282,1.91134521608658,0.222267104106021
0.37,0.25,"Homogenous",0.5,49.76724,5.4564,55.22364,7.79489904576944,6.13522878484774,1.79934417637385,1.52780021297081,1.20250484183016,0.352671458569276
0.37,0.5,"Homogenous",0.5,50.28492,5.1886,55.47352,6.05870336776656,4.00185162699024,2.09279844777998,1.18750586008225,0.784362918890087,0.410188495764876
0.37,0.75,"Homogenous",0.5,49.99124,5.55368,55.54492,5.80932410248187,3.69739499582497,2.13993643670351,1.13862752408645,0.724689419181694,0.419427541593888
0.37,1,"Homogenous",0.5,49.54224,5.93992,55.48216,5.66978573182872,3.58070086159149,2.13178939737195,1.11127800343843,0.701817368871931,0.417830721884903
0.41,0.01,"Homogenous",0.5,21.82868,33.66764,55.49632,10.8472580428457,11.5437954313129,0.74744108757409,2.12606257639776,2.26258390453732,0.146498453164522
0.41,0.05,"Homogenous",0.5,42.19388,12.14104,54.33492,12.4217274025082,12.2956044128449,0.537056054482739,2.4346585708916,2.40993846491761,0.105262986678617
0.41,0.1,"Homogenous",0.5,47.61872,7.05076,54.66948,10.2387188731419,9.28545882105864,1.24061615906831,2.00678889913581,1.81994992892749,0.243160767177389
0.41,0.25,"Homogenous",0.5,50.17176,5.09892,55.27068,7.16767691416533,5.43177366288844,1.8633452749658,1.4048646751764,1.06462763792613,0.365215673893297
0.41,0.5,"Homogenous",0.5,50.45056,5.12328,55.57384,5.90761848873849,3.8720872091356,2.06881190087744,1.15789322379274,0.758929092990577,0.405487132571978
0.41,0.75,"Homogenous",0.5,49.77624,5.729,55.50524,6.00475216037055,3.86525179442988,2.17407971530136,1.17693142343263,0.757589351708257,0.426119624199067
0.41,1,"Homogenous",0.5,49.40908,6.0418,55.45088,5.82152810943045,3.7188250724109,2.14800147320454,1.14101950944837,0.728889714192536,0.42100828874809
0.45,0.01,"Homogenous",0.5,22.114,33.36088,55.47488,10.4920672833712,11.1340328225915,0.710967832030267,2.05644518754075,2.18227043322794,0.139349695077932
0.45,0.05,"Homogenous",0.5,42.61372,11.73864,54.35236,12.6661148110088,12.4569613068518,0.607633620338487,2.48255850295773,2.44156441614296,0.119096189586343
0.45,0.1,"Homogenous",0.5,47.76604,6.91036,54.6764,9.96841352474926,9.00999011145322,1.18830754785233,1.95380905085086,1.76595806184483,0.232908279379058
0.45,0.25,"Homogenous",0.5,50.0864,5.1754,55.2618,7.24949624442828,5.43571171963616,1.92292095784018,1.42090126390794,1.06539949704869,0.376892507736676
0.45,0.5,"Homogenous",0.5,50.43448,5.14924,55.58372,5.85015040897897,3.75927307372426,2.11931227686452,1.14662948015988,0.736817522449956,0.415385206265446
0.45,0.75,"Homogenous",0.5,49.87404,5.6434,55.51744,5.7100350154068,3.64227955594245,2.09768900411377,1.11916686301973,0.713886792964721,0.411147044806298
0.45,1,"Homogenous",0.5,49.581,5.97044,55.55144,5.89841071215738,3.78152608368846,2.15448154170217,1.15608849958285,0.741179112402938,0.422278382173625
0.49,0.01,"Homogenous",0.5,23.82172,31.48848,55.3102,11.3000977094909,12.0090252831827,0.766799224376923,2.21481915106021,2.35376895550381,0.150292647977877
0.49,0.05,"Homogenous",0.5,43.98524,10.40936,54.3946,12.0834144575082,11.7697682130228,0.738005912762714,2.36834923367162,2.30687456975248,0.144649158901492
0.49,0.1,"Homogenous",0.5,48.18912,6.5394,54.72852,9.73165825486566,8.63332788346616,1.35649538402041,1.90740501795367,1.69213226515937,0.265873095268001
0.49,0.25,"Homogenous",0.5,50.2754,5.02,55.2954,6.72782176765807,4.80762639937419,1.99500154173252,1.31865306646098,0.94229477427734,0.391020302179575
0.49,0.5,"Homogenous",0.5,50.46292,5.13824,55.60116,5.70881791383587,3.65076898809613,2.09359630041011,1.11892831111183,0.715550721666842,0.410344874880382
0.49,0.75,"Homogenous",0.5,50.00984,5.59868,55.60852,5.77050737527306,3.66450916381951,2.13032527738718,1.13101944555352,0.718243796108624,0.417543754367886
0.49,1,"Homogenous",0.5,49.4692,6.1004,55.5696,5.64304488335469,3.61604574477188,2.05783905487227,1.10603679713752,0.708744965975289,0.403336454754964
0.53,0.01,"Homogenous",0.5,24.86868,30.30184,55.17052,11.3085627063046,12.0032746564924,0.752272603716918,2.21647829043571,2.3526418326725,0.147445430328516
0.53,0.05,"Homogenous",0.5,44.47984,9.91028,54.39012,11.8794475526415,11.448471783755,0.815155525595632,2.32837172031773,2.24390046961598,0.159770483016744
0.53,0.1,"Homogenous",0.5,48.64928,6.18664,54.83592,9.50825459779899,8.30377030530303,1.44065259959758,1.8636179011686,1.62753897983939,0.282367909521126
0.53,0.25,"Homogenous",0.5,50.46332,4.89044,55.35376,6.69888030577582,4.7686794951723,2.01391677839553,1.31298053993206,0.934661181053771,0.394727688565524
0.53,0.5,"Homogenous",0.5,50.52156,5.11044,55.632,5.66156798483147,3.57454465651419,2.11018264325124,1.10966732502697,0.700610752676781,0.413595798077243
0.53,0.75,"Homogenous",0.5,50.044,5.63168,55.67568,5.5931282224826,3.57777379820345,2.04625499205873,1.09625313160659,0.701243664447875,0.40106597844351
0.53,1,"Homogenous",0.5,49.55252,6.03624,55.58876,5.55792225271933,3.56388728046761,2.02413715309646,1.08935276153299,0.698521906971651,0.396730882006907
0.57,0.01,"Homogenous",0.5,26.4598,28.60996,55.06976,11.6626035989855,12.346850780681,0.75620644287286,2.28587030540117,2.41998275301348,0.148216462803081
0.57,0.05,"Homogenous",0.5,44.65344,9.84688,54.50032,11.9828952643155,11.4897653194731,0.831178436640023,2.34864747180584,2.25199400261672,0.162910973581445
0.57,0.1,"Homogenous",0.5,48.9798,5.86388,54.84368,9.0417257738607,7.81901874966909,1.44922072323248,1.7721782516767,1.53252767493514,0.284047261753565
0.57,0.25,"Homogenous",0.5,50.71164,4.71912,55.43076,6.45726184193839,4.49194365993613,2.02432398053815,1.26562332101992,0.880420957347482,0.396767500185477
0.57,0.5,"Homogenous",0.5,50.65572,5.0748,55.73052,5.7297875224236,3.67034457964553,2.08894298571688,1.12303835439503,0.719387537610524,0.409432825200509
0.57,0.75,"Homogenous",0.5,50.05436,5.61624,55.6706,5.68486123160682,3.63968424959744,2.07418740082409,1.11423280139494,0.713378112921098,0.406540730561521
0.57,1,"Homogenous",0.5,49.5036,6.09324,55.59684,5.66518453344459,3.71850521483126,1.98385062120935,1.11037616855514,0.728827022106927,0.388834721757033
0.61,0.01,"Homogenous",0.5,26.03504,29.10952,55.14456,11.8099768283114,12.5066408189951,0.768717472104798,2.31475545834904,2.45130160052303,0.15066862453254
0.61,0.05,"Homogenous",0.5,45.08428,9.32208,54.40636,11.5412821689198,11.0659690248158,0.800766520657588,2.26209130510828,2.16892992886389,0.156950238048887
0.61,0.1,"Homogenous",0.5,49.15428,5.78872,54.943,8.94283525881264,7.64936236080294,1.51545512715627,1.75279571072728,1.49927502271738,0.29702920492263
0.61,0.25,"Homogenous",0.5,50.79224,4.6922,55.48444,6.16282744555098,4.22424675492148,1.98438933089393,1.20791417932799,0.82795236396461,0.38894030885521
0.61,0.5,"Homogenous",0.5,50.65732,5.10624,55.76356,5.59019277035211,3.54392463243846,2.07364490653145,1.09567778298901,0.694609227957937,0.406434401680165
0.61,0.75,"Homogenous",0.5,49.9918,5.69392,55.68572,5.63929369816304,3.63710940748559,2.03765619010934,1.10530156483996,0.712873443867176,0.399380613261431
0.61,1,"Homogenous",0.5,49.51452,6.10792,55.62244,5.79550216835732,3.80002904741689,2.03479517406643,1.13591842499803,0.744805693293711,0.398819854117021
0.65,0.01,"Homogenous",0.5,27.28264,27.74584,55.02848,11.9509582418898,12.5945125959561,0.727816888948301,2.3423878154104,2.4685244688074,0.142652110233867
0.65,0.05,"Homogenous",0.5,45.89072,8.56772,54.45844,11.0597652796983,10.4380538184456,0.913813171012079,2.16771399482087,2.04585854841535,0.179107381518367
0.65,0.1,"Homogenous",0.5,49.35324,5.5726,54.92584,8.58753335914006,7.21101900643114,1.57047366412079,1.68315653839145,1.4133597252605,0.307812838167674
0.65,0.25,"Homogenous",0.5,50.83424,4.68092,55.51516,6.04458615959836,4.05892615962559,2.03660658900629,1.18473888728128,0.795549527286615,0.399174891445233
0.65,0.5,"Homogenous",0.5,50.40408,5.30124,55.70532,5.61799319948814,3.59976644337778,2.03755060359791,1.10112666709967,0.705554222902044,0.399359918305191
0.65,0.75,"Homogenous",0.5,50.125,5.6274,55.7524,5.67504155104265,3.66385961422204,2.04538868401262,1.11230814400436,0.71811648438752,0.400896182066473
0.65,1,"Homogenous",0.5,49.68992,5.9696,55.65952,5.86070125028145,3.88252659587501,2.01384454918517,1.14869744505516,0.760975212791501,0.394713531640294
0.69,0.01,"Homogenous",0.5,28.61052,26.24896,54.85948,12.100085685046,12.7424038785641,0.744855303960698,2.37161679426901,2.49751116019856,0.145991639576297
0.69,0.05,"Homogenous",0.5,46.2796,8.21248,54.49208,11.1296809759428,10.446337567557,0.983226760326539,2.18141747128478,2.04748216324118,0.192712445024002
0.69,0.1,"Homogenous",0.5,49.51468,5.468,54.98268,8.38329926239236,6.93524609978957,1.64054832469408,1.6431266554289,1.35930823555876,0.32154747164004
0.69,0.25,"Homogenous",0.5,50.67616,4.82672,55.50288,6.08962963946565,4.13201249198734,2.01587646567157,1.19356740933527,0.809874448429518,0.395111787271627
0.69,0.5,"Homogenous",0.5,50.6224,5.13256,55.75496,5.51478213348433,3.56143809428073,1.98659968323116,1.08089729816293,0.698041866479023,0.389373537913307
0.69,0.75,"Homogenous",0.5,50.12092,5.63496,55.75588,5.52964289799929,3.55625891820792,2.00604641214424,1.08381000800786,0.697026747968751,0.393185096780271
0.69,1,"Homogenous",0.5,49.68976,5.99224,55.682,5.73399193736596,3.78595955070785,1.9846147222974,1.12386241972373,0.742048071938738,0.388984485570291
0.73,0.01,"Homogenous",0.5,29.22956,25.5928,54.82236,12.2071417929808,12.8525369173608,0.721240255015307,2.39259979142424,2.51909723580271,0.141363089983
0.73,0.05,"Homogenous",0.5,46.3762,8.15616,54.53236,10.9770253721216,10.2225603532658,1.04341693459227,2.15149697293584,2.0036218292401,0.204509719180086
0.73,0.1,"Homogenous",0.5,49.51364,5.44928,54.96292,8.32022977722722,6.90921057350917,1.62622526102504,1.63076503633654,1.3542052724078,0.318740151160908
0.73,0.25,"Homogenous",0.5,50.89292,4.6562,55.54912,5.72228951438711,3.75839399937599,1.99130100753911,1.12156874481987,0.736645223877694,0.390294997477665
0.73,0.5,"Homogenous",0.5,50.75008,5.0794,55.82948,5.48034042974144,3.50685739197886,2.01108689885531,1.07414672422932,0.687344048827856,0.394173032175641
0.73,0.75,"Homogenous",0.5,49.83892,5.8794,55.71832,5.72095023130694,3.76150635525265,1.98767281253655,1.12130624533616,0.737255245629519,0.389583871257164
0.73,1,"Homogenous",0.5,49.55916,6.152,55.71116,5.77186998866577,3.87211156864055,1.94128507224394,1.13128651777849,0.758933867453548,0.380491874159813
0.77,0.01,"Homogenous",0.5,29.56776,25.23796,54.80572,12.4110948972232,13.0705715809573,0.730730865350409,2.43257459985574,2.56183202986764,0.14322324960868
0.77,0.05,"Homogenous",0.5,46.84732,7.74844,54.59576,10.7783069085899,9.98038928647049,1.06453192749042,2.11254815408363,1.95615630014822,0.208648257788122
0.77,0.1,"Homogenous",0.5,49.6386,5.34676,54.98536,8.02262528632919,6.59496857976449,1.61984722761379,1.57243455612052,1.29261384163384,0.317490056612303
0.77,0.25,"Homogenous",0.5,51.00472,4.63928,55.644,5.76201382809444,3.77234369204465,2.02275028292439,1.12935471030651,0.739379363640752,0.396459055453181
0.77,0.5,"Homogenous",0.5,50.59284,5.19936,55.7922,5.59013588082263,3.5883983527164,2.03323380779775,1.09566663264124,0.703326077132415,0.398513826328358
0.77,0.75,"Homogenous",0.5,50.07316,5.70024,55.7734,5.74546126133094,3.76275548377875,2.0091991570089,1.12611040722086,0.737500074820636,0.393803034773743
0.77,1,"Homogenous",0.5,49.74224,6.02076,55.763,5.92888793142815,3.97785334505277,2.00693435242648,1.16206203455992,0.779659255630342,0.39335913307559
0.81,0.01,"Homogenous",0.5,30.86232,23.84424,54.70656,12.4982043889141,13.0723192945934,0.691714548470434,2.44964806022716,2.5621745817403,0.135576051500205
0.81,0.05,"Homogenous",0.5,47.59684,6.97944,54.57628,10.2505618557219,9.39103469339376,1.15663018089342,2.00911012372148,1.84064279990518,0.22669951545511
0.81,0.1,"Homogenous",0.5,50.07056,5.01716,55.08772,7.80326728813649,6.2608123601083,1.74356024990549,1.52944038847475,1.22711922258123,0.341737808981477
0.81,0.25,"Homogenous",0.5,51.03296,4.62304,55.656,5.52918843282236,3.54877509076702,2.00556566997086,1.08372093283318,0.695559917790336,0.393090871314288
0.81,0.5,"Homogenous",0.5,50.68516,5.16708,55.85224,5.30278604249929,3.39167765073048,1.94994674426112,1.03934606432986,0.664768819543175,0.38218956187518
0.81,0.75,"Homogenous",0.5,49.7616,5.93556,55.69716,5.94619655703959,3.89018465018375,2.08852203660238,1.16545452517976,0.762476191436015,0.409350319174066
0.81,1,"Homogenous",0.5,49.51248,6.16424,55.67672,5.79484547772476,3.86513908466932,1.96307656951474,1.13578971363405,0.757567260595187,0.38476300762489
0.85,0.01,"Homogenous",0.5,31.28756,23.44252,54.73008,12.7101484611886,13.2846196498816,0.693324820460559,2.49118909839296,2.60378545137679,0.13589166481027
0.85,0.05,"Homogenous",0.5,47.41044,7.1898,54.60024,10.2103067894034,9.35039483636705,1.1738552310376,2.00122013072307,1.83267738792794,0.23007562528337
0.85,0.1,"Homogenous",0.5,50.10028,5.01852,55.1188,7.67947246199538,6.10721296100857,1.74876649168042,1.5051766025511,1.19701374035768,0.342758232369362
0.85,0.25,"Homogenous",0.5,51.11992,4.56596,55.68588,5.67751096353059,3.62733169014126,2.07584810600196,1.112792148852,0.710957011267686,0.406866228776384
0.85,0.5,"Homogenous",0.5,50.54836,5.26268,55.81104,5.46053356167525,3.49326569700889,1.99432585971989,1.07026457808835,0.684680076613742,0.390887868505098
0.85,0.75,"Homogenous",0.5,49.8114,5.94244,55.75384,5.93458782447986,3.95492558849153,2.01698584361253,1.16317921359805,0.775165415344339,0.395329225348055
0.85,1,"Homogenous",0.5,49.45852,6.21584,55.67436,5.93708388522531,3.95901515842595,2.02198583016146,1.16366844150416,0.775966971051486,0.396309222711647
0.89,0.01,"Homogenous",0.5,32.105,22.54968,54.65468,12.8901902768632,13.4847134663775,0.692898244602869,2.52647729426518,2.64300383940999,0.135808055942162
0.89,0.05,"Homogenous",0.5,47.58272,7.07872,54.66144,10.3012975137243,9.38529516288888,1.20618842289053,2.01905431268996,1.83951785192622,0.236412930886544
0.89,0.1,"Homogenous",0.5,49.9934,5.1378,55.1312,7.66317054145833,6.01493216331597,1.80908495202308,1.50198142612583,1.17892670400993,0.354580650596524
0.89,0.25,"Homogenous",0.5,51.13012,4.62452,55.75464,5.63747150012729,3.54557821780677,2.11017193765452,1.10494441402495,0.694933330690128,0.413593699780287
0.89,0.5,"Homogenous",0.5,50.59096,5.26112,55.85208,5.51490239282838,3.58120260056069,1.96300342795977,1.08092086899436,0.701915709709895,0.384748671880115
0.89,0.75,"Homogenous",0.5,50.00836,5.81928,55.82764,5.96165872369241,3.96557030450855,2.03574014296937,1.16848510984371,0.777251779683675,0.399005068021997
0.89,1,"Homogenous",0.5,49.44704,6.22992,55.67696,5.89768099935059,3.94019992232359,1.9989725942912,1.15594547587272,0.772279184775423,0.391798628481074
0.93,0.01,"Homogenous",0.5,32.81504,21.7626,54.57764,12.6281111729492,13.1937223440896,0.661720340086995,2.47510978989804,2.58596957944156,0.129697186657051
0.93,0.05,"Homogenous",0.5,48.19276,6.52092,54.71368,9.94469132542483,8.98220363693418,1.27719404314238,1.94915949978327,1.7605119128391,0.250330032455907
0.93,0.1,"Homogenous",0.5,50.1768,4.99092,55.16772,7.50736686545457,5.87266357010827,1.7970343474905,1.4714439056291,1.15104205974122,0.352218732108138
0.93,0.25,"Homogenous",0.5,51.05864,4.68076,55.7394,5.54646996212979,3.50472381689731,2.07357207044104,1.08710811257744,0.686925868111873,0.406420125806443
0.93,0.5,"Homogenous",0.5,50.61492,5.27468,55.8896,5.48412405034714,3.56443940902438,1.95293312685811,1.07488831386804,0.698630124168778,0.38277489286419
0.93,0.75,"Homogenous",0.5,49.89656,5.85196,55.74852,5.98095158186776,4.00098397978105,2.01814505530262,1.17226651004608,0.784192860037087,0.395556430839314
0.93,1,"Homogenous",0.5,49.42252,6.25904,55.68156,5.93511002762375,4.0138420746716,1.94934625829981,1.16328156541426,0.786713046635634,0.382071866626763
0.97,0.01,"Homogenous",0.5,32.68272,21.92796,54.61068,12.6821745180654,13.2572779873829,0.665489883810825,2.48570620554081,2.59842648552705,0.130436017226922
0.97,0.05,"Homogenous",0.5,48.1304,6.56444,54.69484,9.76607866675528,8.80508301123547,1.2575727520373,1.91415141868403,1.72579627020215,0.246484259399311
0.97,0.1,"Homogenous",0.5,50.60716,4.66188,55.26904,7.24576011268004,5.54312965474315,1.83719475397694,1.42016898208529,1.08645341232966,0.360090171779481
0.97,0.25,"Homogenous",0.5,51.26464,4.505,55.76964,5.57313567055605,3.53203014846943,2.06726732971942,1.09233459142899,0.692277909100008,0.405184396625006
0.97,0.5,"Homogenous",0.5,50.5974,5.29464,55.89204,5.48126191693302,3.57378057897609,1.94574926452615,1.07432733571887,0.700460993479313,0.381366855847125
0.97,0.75,"Homogenous",0.5,49.98988,5.8298,55.81968,5.83719424658142,3.95606270440853,1.92590536956655,1.14409007232996,0.775388290064072,0.377477452435043
0.97,1,"Homogenous",0.5,49.268,6.40528,55.67328,6.04699636266643,4.10436589937588,1.97917210566398,1.18521128708262,0.804455716277673,0.38791773271014
